"","currentLAlabel","AtoC_12_16","DtoG_12_16","AtoC_13_17","DtoG_13_17","AtoC_14_18","DtoG_14_18","AtoC_15_19","DtoG_15_19","AtoC_16_20","DtoG_16_20","AtoC_17_21","DtoG_17_21","AtoC_18_22","DtoG_18_22","tenureclean"
"1","York",1086,2223,912,1947,1365,2533,2096,3356,2689,3936,3317,4498,3815,4751,"rental (private)"
"2","Wyre Forest",366,1164,376,1035,369,939,520,1117,654,1358,772,1525,858,1658,"rental (private)"
"3","Wyre",469,3186,465,3189,431,2679,623,2424,745,2143,934,2023,985,2012,"rental (private)"
"4","Wychavon",418,1188,400,1127,401,1153,577,1405,725,1615,1177,1801,1909,2096,"rental (private)"
"5","Wrexham",451,1612,403,1444,443,1308,629,1534,777,1666,972,1809,1029,1888,"rental (private)"
"6","Worthing",407,1793,375,1657,478,1934,721,2066,900,2228,1147,2430,1287,2491,"rental (private)"
"7","Worcester",551,1751,515,1670,600,1458,907,1523,1118,1698,1374,1824,1589,1932,"rental (private)"
"8","Wolverhampton",1341,6660,1295,6294,1327,5602,1343,4451,1300,3673,1476,3443,1751,3525,"rental (private)"
"9","Wokingham",477,1071,420,874,464,964,763,1287,1129,1641,1424,1854,1570,1945,"rental (private)"
"10","Woking",444,753,333,647,430,855,845,1101,1120,1280,1625,1540,2376,1696,"rental (private)"
"11","Wirral",1818,8377,1761,8386,1831,6922,2273,6247,2670,6045,3132,5899,3491,5882,"rental (private)"
"12","Windsor and Maidenhead",697,1809,620,1574,680,1656,1197,2185,1537,2522,1825,2685,2043,2834,"rental (private)"
"13","Winchester",409,988,335,887,471,1099,864,1525,1110,1757,1362,1948,1613,2016,"rental (private)"
"14","Wiltshire",1719,4537,1655,4458,1967,5157,3066,6636,4102,7820,5269,8807,5893,8916,"rental (private)"
"15","Wigan",1263,5507,1069,5122,1005,3814,1484,3679,2215,3647,2789,3644,3476,4165,"rental (private)"
"16","Westminster",5420,8049,4494,6930,4899,7147,7113,8582,9299,9942,11501,10712,13088,10771,"rental (private)"
"17","West Suffolk",682,2466,591,2515,810,2906,1533,3291,2160,3725,2804,4151,3480,4451,"rental (private)"
"18","West Oxfordshire",531,968,361,977,294,1183,663,1670,1051,2125,1423,2514,1620,2557,"rental (private)"
"19","West Northamptonshire",1579,4088,1547,4080,2203,5270,3339,6481,4354,7348,5002,7489,4971,6990,"rental (private)"
"20","West Lindsey",302,1790,265,1782,287,1835,463,1950,739,2113,920,1866,1060,1925,"rental (private)"
"21","West Lancashire",419,1663,409,1693,397,1430,402,1082,391,863,475,842,552,852,"rental (private)"
"22","West Devon",261,798,235,764,212,824,295,957,391,1115,487,1240,559,1264,"rental (private)"
"23","West Berkshire",675,1997,609,1927,672,2182,981,2434,1288,2787,1553,2879,1746,2860,"rental (private)"
"24","Welwyn Hatfield",725,1019,652,924,769,1100,1121,1312,1413,1335,1959,1398,2128,1404,"rental (private)"
"25","Wealden",362,1366,301,1190,360,1205,497,1309,598,1393,807,1484,982,1605,"rental (private)"
"26","Waverley",411,1108,340,969,403,1014,538,1144,683,1246,839,1311,1008,1355,"rental (private)"
"27","Watford",665,1044,580,991,680,1112,1086,1458,1411,1799,1912,2144,2234,2241,"rental (private)"
"28","Warwick",779,2068,639,1788,893,2142,1504,2755,1967,3091,2327,3256,2544,3393,"rental (private)"
"29","Warrington",716,2028,668,1943,905,1761,1426,1876,1815,1937,2408,2082,2709,2198,"rental (private)"
"30","Wandsworth",3832,6752,3496,5889,3739,6036,5731,8070,7567,9580,9213,10340,10105,10398,"rental (private)"
"31","Waltham Forest",2350,8600,2374,8701,2530,8552,3374,9439,4098,8788,4917,9172,5436,8840,"rental (private)"
"32","Walsall",926,3983,848,3830,895,3578,1121,3212,1776,3441,2073,3410,2358,3416,"rental (private)"
"33","Wakefield",1006,4304,901,4087,1183,4007,1836,3932,2242,4080,2684,4214,3095,4493,"rental (private)"
"34","Vale of White Horse",537,955,503,873,527,1103,805,1493,1034,1791,1293,2022,1524,2134,"rental (private)"
"35","Vale of Glamorgan",491,1831,457,1744,545,1728,761,1757,1053,1891,1391,2193,1530,2282,"rental (private)"
"36","Uttlesford",218,742,197,617,266,733,319,890,397,1102,504,1177,563,1196,"rental (private)"
"37","Tunbridge Wells",441,1435,389,1290,439,1457,640,1686,850,1922,1035,2174,1185,2259,"rental (private)"
"38","Trafford",971,2908,882,2825,993,2815,1368,2966,1774,3036,2150,3041,2480,3135,"rental (private)"
"39","Tower Hamlets",5840,4058,5233,3813,5632,4097,9513,4920,12952,5588,15887,6054,17888,6149,"rental (private)"
"40","Torridge",212,1062,199,1047,228,1095,299,1371,406,1526,564,1562,682,1612,"rental (private)"
"41","Torfaen",199,758,183,698,167,598,200,574,309,657,376,660,455,700,"rental (private)"
"42","Torbay",1105,3640,1074,3599,1153,3513,1386,3750,1628,4103,1880,4453,2095,4419,"rental (private)"
"43","Tonbridge and Malling",284,848,232,862,274,934,423,1067,607,1192,823,1302,1036,1359,"rental (private)"
"44","Thurrock",912,1740,771,1637,750,1483,1054,1800,1329,2033,1645,2268,1957,2363,"rental (private)"
"45","Three Rivers",346,529,295,445,303,517,447,632,590,703,762,817,908,907,"rental (private)"
"46","Thanet",897,3076,835,2909,852,2941,1078,3099,1477,3682,1870,3992,2103,4028,"rental (private)"
"47","Tewkesbury",321,670,268,631,272,693,392,940,638,1060,835,1188,1024,1276,"rental (private)"
"48","Test Valley",461,1040,396,952,440,1097,720,1395,912,1509,1101,1638,1218,1689,"rental (private)"
"49","Tendring",717,2231,602,2109,644,2123,718,2710,970,3258,1193,3637,1434,3850,"rental (private)"
"50","Telford and Wrekin",1146,2804,1118,2638,1079,2178,1524,1968,1873,1930,2381,2048,2704,2204,"rental (private)"
"51","Teignbridge",530,1970,469,1894,519,1940,653,2043,784,2259,993,2437,1131,2464,"rental (private)"
"52","Tandridge",286,661,243,580,257,634,331,658,438,814,544,860,626,897,"rental (private)"
"53","Tamworth",253,641,221,584,236,495,241,454,362,526,452,557,549,606,"rental (private)"
"54","Tameside",1184,4166,1334,4091,1381,3384,1494,2908,1665,2670,2016,2598,2080,2732,"rental (private)"
"55","Swindon",1495,2044,1345,1905,1169,1653,1805,1797,2527,2059,3294,2353,3767,2457,"rental (private)"
"56","Swansea",953,3816,990,3594,1218,3588,1809,3883,2376,4148,3439,4441,3738,4645,"rental (private)"
"57","Swale",468,1790,418,1764,472,1751,752,2106,1080,2385,1322,2583,1595,2660,"rental (private)"
"58","Sutton",1008,2092,943,1862,1046,1990,1461,2393,1837,2687,2377,2925,2597,2997,"rental (private)"
"59","Surrey Heath",305,654,249,599,341,644,537,680,682,779,791,846,875,844,"rental (private)"
"60","Sunderland",1324,5706,1218,5668,1108,4478,1271,3608,1697,3506,2047,3318,2447,3409,"rental (private)"
"61","Stroud",344,1050,310,951,347,984,513,1201,702,1455,867,1638,973,1724,"rental (private)"
"62","Stratford-on-Avon",479,1650,420,1546,494,1744,610,1985,815,2067,987,2287,1156,2338,"rental (private)"
"63","Stoke-on-Trent",941,5715,873,5429,1020,4793,1420,4321,1812,4313,2292,4374,2735,4578,"rental (private)"
"64","Stockton-on-Tees",1046,4362,924,4293,1169,3458,1416,2815,1701,2553,2078,2314,2309,2311,"rental (private)"
"65","Stockport",963,3849,918,3701,955,3398,1130,3379,1276,3468,1482,3382,1735,3454,"rental (private)"
"66","Stevenage",342,603,338,580,321,590,457,721,588,768,781,814,862,835,"rental (private)"
"67","Staffordshire Moorlands",180,844,162,760,188,770,248,828,329,898,391,950,453,1047,"rental (private)"
"68","Stafford",430,1432,424,1414,476,1418,604,1558,770,1637,937,1762,1009,1782,"rental (private)"
"69","St. Helens",597,2825,530,2650,555,2152,857,2082,1068,2033,1360,2142,1589,2275,"rental (private)"
"70","St Albans",608,1318,651,1206,691,1209,948,1441,1354,1757,1701,2069,1840,2102,"rental (private)"
"71","Spelthorne",740,1089,690,957,586,954,660,1074,812,1218,1025,1358,1134,1447,"rental (private)"
"72","Southwark",3794,4867,3367,4403,3586,4158,4797,4757,6593,5428,8008,6005,9026,6169,"rental (private)"
"73","Southend-on-Sea",702,4065,633,3855,748,3795,1075,4198,1578,5018,1991,5603,2418,6100,"rental (private)"
"74","Southampton",2106,4166,2037,4039,2551,4502,3915,5647,4936,6189,5794,6807,6165,6837,"rental (private)"
"75","South Tyneside",430,1780,428,1833,430,1453,486,1314,665,1331,827,1331,971,1299,"rental (private)"
"76","South Staffordshire",334,914,312,828,308,795,295,860,323,898,382,905,444,934,"rental (private)"
"77","South Somerset",593,1519,518,1390,574,1549,904,1915,1212,2257,1596,2616,1837,2662,"rental (private)"
"78","South Ribble",327,1077,295,1051,337,973,469,947,564,935,721,958,837,983,"rental (private)"
"79","South Oxfordshire",450,1245,391,1114,386,1399,651,1905,929,2300,1218,2523,1386,2597,"rental (private)"
"80","South Norfolk",376,1240,294,1138,344,1235,527,1586,730,1774,902,1910,1049,2075,"rental (private)"
"81","South Lakeland",284,1317,252,1240,273,1378,367,1622,513,1828,745,2149,829,2197,"rental (private)"
"82","South Kesteven",497,1525,394,1407,524,1546,825,2007,1054,2330,1644,2599,1908,2708,"rental (private)"
"83","South Holland",299,1079,251,1025,241,1075,370,1172,486,1193,649,1248,767,1398,"rental (private)"
"84","South Hams",415,1466,366,1349,377,1369,454,1432,550,1584,648,1777,743,1780,"rental (private)"
"85","South Gloucestershire",1403,2603,1236,2367,1196,2324,1523,2496,2143,2789,2824,3107,3290,3232,"rental (private)"
"86","South Derbyshire",314,816,281,774,313,904,513,1194,773,1417,1002,1494,1162,1502,"rental (private)"
"87","South Cambridgeshire",560,1396,536,1335,604,1457,865,1683,1126,1718,1370,1759,1508,1814,"rental (private)"
"88","Somerset West and Taunton",687,2194,567,1991,605,2154,923,2523,1170,2797,1547,3024,1805,3128,"rental (private)"
"89","Solihull",806,2129,757,1962,801,1760,1081,1846,1364,1922,1647,2107,1872,2195,"rental (private)"
"90","Slough",1224,2440,1148,2325,1227,2060,1662,2048,2002,2200,2395,2506,2935,2620,"rental (private)"
"91","Shropshire",955,4623,858,4422,866,4286,1217,4785,1617,5111,2050,5576,2348,5618,"rental (private)"
"92","Sheffield",2605,8996,2271,8747,3070,9140,4551,9121,6028,9127,7139,8759,7806,8759,"rental (private)"
"93","Sevenoaks",215,945,172,849,208,906,330,1028,439,1162,558,1255,670,1314,"rental (private)"
"94","Selby",262,981,225,1006,227,942,290,1020,431,1099,598,1213,718,1214,"rental (private)"
"95","Sefton",1432,7708,1504,7799,1675,6507,2004,5468,2365,5175,2737,4516,3094,4282,"rental (private)"
"96","Sedgemoor",591,1279,524,1216,581,1342,740,1510,960,1563,1188,1714,1389,1744,"rental (private)"
"97","Scarborough",715,2480,714,2656,704,2793,929,3076,1146,3337,1362,3470,1456,3492,"rental (private)"
"98","Sandwell",1296,5559,1264,5323,1342,4891,1559,4229,1964,4301,2353,4534,2652,4699,"rental (private)"
"99","Salford",2257,4792,2006,4773,2493,4247,3779,4343,5229,4354,6681,4429,7463,4429,"rental (private)"
"100","Ryedale",141,1265,135,1264,145,1336,153,1337,182,1379,215,1351,241,1389,"rental (private)"
"101","Rutland",149,485,161,489,155,516,182,570,268,763,286,829,295,795,"rental (private)"
"102","Rushmoor",404,659,346,556,450,628,627,751,827,892,1060,1005,1252,1061,"rental (private)"
"103","Rushcliffe",301,1187,261,1107,297,1274,531,1497,763,1727,1020,1858,1183,1888,"rental (private)"
"104","Runnymede",361,740,326,641,365,804,599,1142,774,1236,944,1418,1062,1531,"rental (private)"
"105","Rugby",436,1109,373,1089,446,1159,733,1484,968,1664,1234,1894,1360,1894,"rental (private)"
"106","Rotherham",1013,4889,938,4853,1000,4454,1086,3846,1504,3512,1892,3348,2182,3445,"rental (private)"
"107","Rother",310,1185,234,1139,342,1243,541,1460,678,1679,789,1820,907,1888,"rental (private)"
"108","Rossendale",226,1338,181,1285,212,1103,263,1023,270,944,404,833,464,909,"rental (private)"
"109","Rochford",204,557,197,501,233,510,276,556,363,653,438,742,477,779,"rental (private)"
"110","Rochdale",1055,4581,992,4531,1000,3807,1100,3095,1269,2609,1675,2225,1960,2313,"rental (private)"
"111","Richmondshire",189,868,174,817,160,767,367,1113,446,1222,515,1272,607,1312,"rental (private)"
"112","Richmond upon Thames",1143,2880,979,2411,1150,2726,1957,3880,2662,4632,3265,5202,3683,5377,"rental (private)"
"113","Ribble Valley",170,779,170,778,161,746,173,820,191,850,217,816,237,824,"rental (private)"
"114","Rhondda Cynon Taf",643,3971,588,3901,715,3473,916,3350,1366,3903,1774,4227,1956,4327,"rental (private)"
"115","Reigate and Banstead",654,1079,520,909,683,1006,1129,1244,1448,1452,1668,1633,1908,1664,"rental (private)"
"116","Redditch",396,972,421,923,412,824,552,848,702,865,862,800,944,818,"rental (private)"
"117","Redcar and Cleveland",455,3241,488,3260,525,2756,617,2413,734,1996,985,2152,1080,2246,"rental (private)"
"118","Redbridge",1987,6086,2143,6276,2866,6886,4014,7812,4976,8247,5752,8571,6435,8341,"rental (private)"
"119","Reading",1342,2906,1207,2736,1603,3396,2675,4647,3490,5509,4452,6072,4920,6061,"rental (private)"
"120","Preston",946,3354,944,3485,1015,3069,1433,2735,1595,2610,1842,2468,2043,2366,"rental (private)"
"121","Powys",371,1836,330,1925,316,1975,518,2278,591,2464,761,2627,840,2630,"rental (private)"
"122","Portsmouth",1363,4702,1348,4456,1819,4114,2834,4730,3593,5672,4381,6371,4928,6649,"rental (private)"
"123","Plymouth",2186,5755,2047,5391,2185,5159,2734,5260,3522,5511,4138,5810,5026,6088,"rental (private)"
"124","Peterborough",1724,5600,1669,5464,1710,5145,2264,4846,2914,4914,3247,3783,3647,3749,"rental (private)"
"125","Pendle",242,3539,237,3490,273,2960,324,2378,398,2102,511,1837,629,1936,"rental (private)"
"126","Pembrokeshire",608,1825,502,1795,409,1630,455,1921,633,2355,812,2639,946,2652,"rental (private)"
"127","Oxford",1421,3308,1206,2717,1776,3350,2482,3876,3124,3961,3596,4146,4223,4295,"rental (private)"
"128","Oldham",1027,5849,1018,5796,973,4621,955,3247,1084,2734,1395,2328,1712,2420,"rental (private)"
"129","Oadby and Wigston",149,631,139,601,149,573,171,562,209,656,264,784,319,841,"rental (private)"
"130","Nuneaton and Bedworth",426,1764,380,1721,429,1422,595,1401,881,1505,1131,1724,1294,1850,"rental (private)"
"131","Nottingham",2208,7802,2162,7595,3349,9885,6032,11302,7267,12233,8985,12147,9891,12531,"rental (private)"
"132","Norwich",1038,2243,888,1955,1333,2418,2153,3105,2843,3592,3395,3923,3802,4091,"rental (private)"
"133","Northumberland",1240,6830,1113,6804,971,6046,1101,5206,1349,5083,1669,4386,2026,4050,"rental (private)"
"134","North West Leicestershire",206,812,186,761,255,881,366,1049,584,1296,735,1466,862,1493,"rental (private)"
"135","North Warwickshire",171,889,155,780,151,711,211,699,296,796,353,845,424,890,"rental (private)"
"136","North Tyneside",1082,2947,982,2793,1011,2379,1204,2044,1537,2002,1904,2003,2388,2059,"rental (private)"
"137","North Somerset",1191,2826,1013,2564,1096,2542,1464,2860,1918,3126,2398,3381,2731,3402,"rental (private)"
"138","North Northamptonshire",1549,4043,1339,3756,1626,3905,2482,4488,3425,5298,4107,5529,4185,5363,"rental (private)"
"139","North Norfolk",332,1778,324,1651,362,1793,477,1984,599,2332,656,2531,710,2607,"rental (private)"
"140","North Lincolnshire",508,2305,466,2235,546,2055,749,2157,1007,2327,1277,2398,1537,2583,"rental (private)"
"141","North Kesteven",361,1202,347,1245,402,1351,602,1514,828,1694,963,1799,1054,1723,"rental (private)"
"142","North Hertfordshire",515,1176,446,1049,456,1067,873,1473,1101,1629,1383,1847,1549,1963,"rental (private)"
"143","North East Lincolnshire",580,4276,558,4204,627,3836,907,4222,1194,4639,1412,4076,1677,4095,"rental (private)"
"144","North East Derbyshire",178,655,167,594,176,574,227,631,280,671,342,717,381,772,"rental (private)"
"145","North Devon",424,1583,428,1638,587,1943,728,2178,988,2471,1363,2664,1494,2666,"rental (private)"
"146","Newport",443,1657,327,1490,322,1194,450,1058,589,1030,798,1174,1020,1369,"rental (private)"
"147","Newham",3773,11411,3229,10782,3278,9281,4317,9311,5309,8908,7245,8875,8777,8670,"rental (private)"
"148","Newcastle-under-Lyme",366,1507,366,1405,388,1370,551,1444,725,1483,834,1609,958,1688,"rental (private)"
"149","Newcastle upon Tyne",2263,6363,2068,5980,2876,6343,3705,6154,4641,6558,5581,6803,6384,7068,"rental (private)"
"150","Newark and Sherwood",372,1304,361,1194,395,1214,626,1372,773,1595,1031,1766,1113,1915,"rental (private)"
"151","New Forest",593,1879,525,1859,635,1877,918,2086,1127,2167,1389,2297,1588,2280,"rental (private)"
"152","Neath Port Talbot",309,2153,299,2113,439,1888,569,1664,676,1572,924,1694,1059,1779,"rental (private)"
"153","Monmouthshire",253,979,183,840,189,769,279,884,397,940,545,1041,619,1080,"rental (private)"
"154","Mole Valley",297,760,243,665,295,736,469,970,603,1137,723,1250,796,1319,"rental (private)"
"155","Milton Keynes",1821,2852,1620,2689,1753,2595,2784,2980,3447,3207,4217,3378,4701,3413,"rental (private)"
"156","Middlesbrough",927,4935,929,4850,901,3640,780,3026,996,2711,1215,2186,1409,2241,"rental (private)"
"157","Mid Sussex",695,1291,582,1168,673,1251,823,1542,874,1625,1072,1613,1204,1625,"rental (private)"
"158","Mid Suffolk",214,803,207,749,245,871,359,1079,422,1308,590,1413,707,1475,"rental (private)"
"159","Mid Devon",337,1039,271,934,304,934,408,1086,579,1257,744,1414,878,1494,"rental (private)"
"160","Merton",1724,3815,1588,3595,1818,3714,2498,4439,3285,4948,3922,5428,4466,5408,"rental (private)"
"161","Merthyr Tydfil",116,820,121,825,191,741,311,722,446,824,546,843,624,872,"rental (private)"
"162","Mendip",539,1238,479,1178,470,1288,701,1579,998,1847,1242,2035,1404,2092,"rental (private)"
"163","Melton",118,580,102,567,89,571,172,741,242,866,325,978,371,981,"rental (private)"
"164","Medway",947,3471,834,3245,929,3285,1432,3954,1892,4419,2432,4923,2830,5051,"rental (private)"
"165","Mansfield",342,1750,300,1691,356,1614,507,1531,672,1552,949,1660,1093,1766,"rental (private)"
"166","Manchester",6592,17104,6053,17489,6854,16764,10495,16819,12690,16286,14287,14092,15932,13709,"rental (private)"
"167","Malvern Hills",277,982,264,909,236,935,294,1006,367,1095,525,1122,578,1109,"rental (private)"
"168","Maldon",101,454,72,440,69,484,117,540,158,630,193,700,239,723,"rental (private)"
"169","Maidstone",662,1492,573,1421,633,1654,1070,1952,1408,2302,1797,2480,2106,2542,"rental (private)"
"170","Luton",1383,4056,1334,3980,1388,4056,1741,4195,2332,4953,2676,5097,3055,5244,"rental (private)"
"171","Liverpool",4605,18752,4430,18492,4950,16702,6561,15078,7377,12259,8869,11277,10781,11536,"rental (private)"
"172","Lincoln",560,1657,826,1661,981,2168,1428,2608,1733,3017,1995,3181,2053,3226,"rental (private)"
"173","Lichfield",295,814,277,734,272,679,389,770,563,871,704,958,803,991,"rental (private)"
"174","Lewisham",2506,5385,2329,4990,2571,5260,3313,5852,4189,6707,5204,7214,6033,7346,"rental (private)"
"175","Lewes",305,960,259,827,269,833,414,986,496,1114,704,1203,831,1281,"rental (private)"
"176","Leicester",1755,7569,1691,7510,1951,7615,2887,8156,3438,9131,4207,9538,4841,9902,"rental (private)"
"177","Leeds",5001,19458,4520,19374,5541,19867,8616,20507,10440,20854,12010,18424,13205,18281,"rental (private)"
"178","Lancaster",749,3588,719,3554,666,2950,899,3131,1142,3210,1334,3169,1583,3394,"rental (private)"
"179","Lambeth",3537,6918,3217,6442,3654,6687,4990,7659,6645,8708,8297,9435,9288,9602,"rental (private)"
"180","Knowsley",799,2306,707,2230,624,1775,774,1400,894,1211,1100,1083,1293,1096,"rental (private)"
"181","Kirklees",1541,7267,1525,7321,1784,6906,2358,6795,2786,6963,3314,6615,3779,6740,"rental (private)"
"182","Kingston upon Thames",1099,2431,1042,2068,1190,2285,1846,3043,2289,3532,2810,3822,3023,3928,"rental (private)"
"183","Kingston upon Hull, City of",1928,8727,1751,8270,1874,7242,2277,6664,2800,7222,3316,7395,4001,7629,"rental (private)"
"184","King's Lynn and West Norfolk",530,2103,565,2222,656,2433,856,2790,1117,3110,1362,3336,1416,3242,"rental (private)"
"185","Kensington and Chelsea",2684,5439,2259,4432,2706,4831,4129,6100,5621,7250,6931,8020,7821,8389,"rental (private)"
"186","Islington",3761,5485,3322,5162,3427,5121,4730,5910,6598,6309,8079,6769,9229,6631,"rental (private)"
"187","Isles of Scilly",2,150,2,150,4,167,3,129,8,75,8,70,8,76,"rental (private)"
"188","Isle of Wight",794,1802,740,1686,953,1752,1261,2108,1516,2306,1787,2508,1858,2429,"rental (private)"
"189","Isle of Anglesey",192,1167,172,1246,176,1348,211,1455,280,1800,303,1877,336,1867,"rental (private)"
"190","Ipswich",742,2089,668,1887,737,1842,1351,2023,1826,2305,2305,2599,2664,2811,"rental (private)"
"191","Hyndburn",406,3329,409,3232,390,2523,417,2116,485,1863,558,1712,653,1727,"rental (private)"
"192","Huntingdonshire",617,1695,594,1530,747,1775,1248,2224,1657,2448,2075,2696,2299,2731,"rental (private)"
"193","Hounslow",2148,3969,2022,3809,2454,4106,3164,4958,3913,5510,4791,6214,5376,6401,"rental (private)"
"194","Horsham",435,1082,360,1005,431,1099,587,1288,798,1554,901,1701,1008,1705,"rental (private)"
"195","Hinckley and Bosworth",301,949,251,868,301,941,457,1090,697,1244,862,1366,1015,1407,"rental (private)"
"196","Hillingdon",1623,3759,1331,3378,1511,3494,2235,4154,2857,4734,3788,5318,4585,5614,"rental (private)"
"197","High Peak",314,924,288,869,300,836,379,880,499,942,548,973,599,997,"rental (private)"
"198","Hertsmere",584,1118,546,1051,558,1039,748,1197,921,1322,1127,1430,1265,1483,"rental (private)"
"199","Herefordshire, County of",576,2438,523,2422,529,2513,797,2945,1157,3405,1510,3777,1775,3870,"rental (private)"
"200","Havering",1032,2638,952,2483,1031,2525,1410,2986,1678,3213,2046,3469,2415,3620,"rental (private)"
"201","Havant",409,1121,368,1056,440,963,620,1008,795,1094,983,1266,1190,1314,"rental (private)"
"202","Hastings",852,2351,898,2558,1067,2796,1505,3250,1814,3571,2125,3691,2280,3384,"rental (private)"
"203","Hartlepool",386,2886,385,2852,398,2327,459,1808,582,1496,704,1109,752,1093,"rental (private)"
"204","Hart",292,504,252,504,287,615,542,773,731,893,876,1000,1030,972,"rental (private)"
"205","Harrow",1789,4171,1831,4310,2143,4630,2704,5409,3319,6004,4041,6555,4482,6505,"rental (private)"
"206","Harrogate",608,2048,539,1912,569,1961,727,2365,988,2744,1196,3030,1365,3097,"rental (private)"
"207","Harlow",411,669,324,574,381,634,573,765,758,889,930,932,1050,1014,"rental (private)"
"208","Haringey",3390,9172,3426,9160,3556,9019,3915,9532,4622,9724,5576,9947,6034,9561,"rental (private)"
"209","Harborough",246,740,216,647,230,723,359,863,533,1021,681,1149,789,1180,"rental (private)"
"210","Hammersmith and Fulham",2014,4012,1794,3528,2058,3572,3303,4854,4896,6017,6161,6814,6977,7047,"rental (private)"
"211","Hambleton",230,1028,203,986,207,1160,288,1364,407,1583,537,1739,653,1810,"rental (private)"
"212","Halton",496,1567,466,1517,502,1302,725,1132,1000,1168,1227,1305,1431,1390,"rental (private)"
"213","Hackney",4048,5677,4670,5826,4882,5734,6050,6510,6975,6766,8168,6848,8411,6517,"rental (private)"
"214","Gwynedd",235,1657,257,1796,393,2055,451,2222,571,2705,697,2915,752,2906,"rental (private)"
"215","Guildford",649,1613,544,1432,698,1725,1080,2134,1387,2385,1697,2640,1888,2734,"rental (private)"
"216","Greenwich",2005,3455,1908,3374,2166,3629,2923,4029,3716,4442,4514,4623,5355,4707,"rental (private)"
"217","Great Yarmouth",384,1782,324,1703,402,1759,798,2081,1012,2153,1192,2255,1418,2285,"rental (private)"
"218","Gravesham",441,1393,438,1288,531,1371,777,1567,982,1813,1145,1987,1235,1976,"rental (private)"
"219","Gosport",300,995,372,989,519,1045,832,1194,1101,1430,1406,1493,1502,1497,"rental (private)"
"220","Gloucester",829,1463,785,1360,574,1476,872,1790,1281,2057,1721,2284,1976,2442,"rental (private)"
"221","Gedling",398,1425,337,1351,407,1427,581,1640,750,1773,1004,1893,1186,1956,"rental (private)"
"222","Gateshead",976,3528,899,3304,941,2608,1223,2166,1555,2082,1887,1989,2186,2042,"rental (private)"
"223","Fylde",425,2280,400,2273,437,1897,458,1470,567,1544,653,1548,722,1518,"rental (private)"
"224","Forest of Dean",244,691,219,667,233,636,302,709,391,794,500,917,594,951,"rental (private)"
"225","Folkestone and Hythe",535,2071,523,2125,677,2061,847,2109,1072,2222,1248,2231,1358,2154,"rental (private)"
"226","Flintshire",363,1880,352,1799,406,1759,548,1820,680,1836,883,1861,963,1851,"rental (private)"
"227","Fenland",523,1364,507,1341,563,1361,810,1527,1073,1664,1221,1664,1375,1668,"rental (private)"
"228","Fareham",287,620,294,564,424,673,634,782,832,908,1082,1032,1203,1083,"rental (private)"
"229","Exeter",858,1860,788,1756,890,1933,1379,2385,1887,2785,2429,3132,2827,3418,"rental (private)"
"230","Erewash",275,1448,255,1342,297,1394,468,1554,581,1710,773,2014,967,2099,"rental (private)"
"231","Epsom and Ewell",305,616,264,544,338,632,513,833,635,918,801,1060,889,1103,"rental (private)"
"232","Epping Forest",631,1511,570,1385,546,1164,746,1366,920,1488,1203,1628,1352,1697,"rental (private)"
"233","Enfield",2436,7928,2421,7743,2687,7401,3448,7983,4282,8427,5405,9437,6009,9438,"rental (private)"
"234","Elmbridge",691,1570,620,1335,752,1459,1101,1627,1503,1897,1777,2188,1938,2295,"rental (private)"
"235","Eden",213,1086,205,1171,178,1187,163,1309,164,1407,184,1265,205,1152,"rental (private)"
"236","Eastleigh",588,811,473,719,591,779,948,951,1204,1003,1398,1106,1544,1111,"rental (private)"
"237","Eastbourne",862,1869,817,1810,902,1841,1324,2022,1683,2292,2170,2599,2437,2552,"rental (private)"
"238","East Suffolk",1118,4108,945,3703,1010,3716,1485,4375,1906,4591,2338,4873,2837,5233,"rental (private)"
"239","East Staffordshire",451,1766,406,1626,458,1605,628,1760,903,1929,1100,2018,1276,2155,"rental (private)"
"240","East Riding of Yorkshire",1312,6011,1189,5833,1309,5473,1730,5771,2155,6333,2656,6200,3131,6234,"rental (private)"
"241","East Lindsey",477,3135,468,3275,507,3419,785,3704,1034,4034,1352,4460,1547,4360,"rental (private)"
"242","East Hertfordshire",574,1211,492,1119,700,1213,1175,1519,1570,1912,1898,2147,2088,2238,"rental (private)"
"243","East Hampshire",371,912,352,835,364,925,590,1215,801,1405,911,1508,989,1554,"rental (private)"
"244","East Devon",492,1792,459,1669,512,1706,649,1913,791,2175,936,2272,1071,2386,"rental (private)"
"245","East Cambridgeshire",326,1125,273,1124,300,1202,508,1391,716,1460,818,1328,931,1276,"rental (private)"
"246","Ealing",3401,7843,3215,7788,3472,7846,4331,8726,5586,9813,6876,10569,8040,10717,"rental (private)"
"247","Dudley",863,3458,852,3186,918,3026,1153,3173,1386,3236,1603,3322,1720,3463,"rental (private)"
"248","Dover",543,1634,469,1499,464,1415,593,1648,818,1955,1012,2186,1188,2215,"rental (private)"
"249","Dorset",1353,4232,1173,4079,1390,4275,2074,5209,2561,5632,3149,6049,3560,6178,"rental (private)"
"250","Doncaster",1158,7375,1073,7294,1174,5922,1527,5330,1864,5308,2340,5494,2800,5654,"rental (private)"
"251","Derbyshire Dales",124,796,113,759,113,842,140,1012,170,1115,234,1251,285,1321,"rental (private)"
"252","Derby",1164,5047,1023,4731,1272,4767,1976,5026,2536,5748,3120,6245,3492,6503,"rental (private)"
"253","Denbighshire",297,2129,315,2182,453,2530,523,2764,774,2979,891,2923,962,2841,"rental (private)"
"254","Dartford",524,888,463,796,531,862,792,1052,1073,1290,1336,1444,1549,1503,"rental (private)"
"255","Darlington",560,2859,571,2730,518,2193,681,1800,854,1854,1036,1866,1138,1885,"rental (private)"
"256","Dacorum",589,1200,498,1066,563,1076,833,1165,1179,1362,1499,1498,1711,1563,"rental (private)"
"257","Croydon",2534,6705,2360,6460,2865,7139,3925,8210,4784,8899,5592,9426,6203,9430,"rental (private)"
"258","Crawley",547,988,442,874,661,943,944,951,1237,1120,1462,1232,1663,1277,"rental (private)"
"259","Craven",143,820,151,788,161,876,176,934,208,948,267,1019,296,1050,"rental (private)"
"260","Coventry",1901,8135,1767,7884,1884,6565,2471,5885,3469,6286,4370,6637,5211,6879,"rental (private)"
"261","County Durham",2435,10016,2403,9816,2251,8215,2647,6461,3303,6360,4276,6529,5116,6989,"rental (private)"
"262","Cotswold",316,1108,313,1166,351,1368,434,1600,453,1842,582,2190,660,2247,"rental (private)"
"263","Cornwall",2888,9697,2425,9522,2493,10543,3304,11911,4187,13526,5040,14791,5817,15138,"rental (private)"
"264","Copeland",113,719,109,705,97,655,84,568,101,534,151,534,178,522,"rental (private)"
"265","Conwy",587,2792,561,2740,581,2674,621,2734,734,2690,919,2689,1083,2712,"rental (private)"
"266","Colchester",997,1621,850,1448,1092,1778,2151,2544,2840,3045,3538,3476,3928,3611,"rental (private)"
"267","City of London",310,321,260,260,183,239,284,281,491,425,595,485,648,535,"rental (private)"
"268","Chorley",418,1289,385,1272,420,1111,556,1018,726,1069,892,1165,1009,1174,"rental (private)"
"269","Chichester",517,1525,432,1485,585,1670,836,2052,1101,2233,1415,2407,1577,2439,"rental (private)"
"270","Chesterfield",437,1204,405,1169,458,1120,537,1088,673,1194,831,1336,958,1523,"rental (private)"
"271","Cheshire West and Chester",1442,4544,1241,4270,1310,4245,1728,4400,2151,4166,2796,4320,3159,4419,"rental (private)"
"272","Cheshire East",1292,4339,1163,4054,1246,4158,1946,4785,2586,5233,3186,5648,3747,5872,"rental (private)"
"273","Cherwell",816,1366,767,1253,923,1622,1434,2102,1896,2507,2362,2740,2627,2840,"rental (private)"
"274","Cheltenham",740,1521,617,1248,684,1319,1155,1830,1523,2317,1945,2694,2233,2982,"rental (private)"
"275","Chelmsford",662,1311,537,1223,645,1366,955,1678,1142,1923,1387,2152,1543,2201,"rental (private)"
"276","Charnwood",537,1791,443,1621,667,1929,999,2292,1435,2751,1957,3052,2306,3148,"rental (private)"
"277","Ceredigion",441,1786,417,1940,437,2089,544,2559,580,2834,663,2935,733,2892,"rental (private)"
"278","Central Bedfordshire",962,2079,980,1961,1294,2175,1744,2651,2319,3100,2927,3413,3163,3514,"rental (private)"
"279","Castle Point",228,869,196,853,207,816,278,878,356,1009,461,1120,538,1129,"rental (private)"
"280","Carmarthenshire",539,3249,482,3083,462,2805,524,2668,698,2772,939,2844,1119,3072,"rental (private)"
"281","Carlisle",392,1685,313,1629,348,1520,382,1443,424,1481,574,1397,730,1389,"rental (private)"
"282","Cardiff",2870,6486,2398,6130,2925,6617,4416,7805,5753,8639,7996,9380,8905,9664,"rental (private)"
"283","Canterbury",865,1860,676,1643,1085,2040,1539,2486,1917,2865,2255,3150,2572,3308,"rental (private)"
"284","Cannock Chase",406,1059,360,998,404,896,451,934,553,1078,713,1168,811,1175,"rental (private)"
"285","Camden",3727,6316,3468,5665,3889,5758,5173,6973,6382,7894,7914,8389,8972,8569,"rental (private)"
"286","Cambridge",1026,2474,890,2337,1128,2342,1929,2790,2432,2744,2951,2811,3502,2916,"rental (private)"
"287","Calderdale",913,5126,831,5352,924,5122,1138,4824,1538,4475,1718,3861,1856,3783,"rental (private)"
"288","Caerphilly",389,1825,334,1700,355,1442,468,1288,684,1432,970,1654,1348,2245,"rental (private)"
"289","Bury",885,3889,809,3819,761,3038,904,2724,1103,2671,1510,2804,1828,2939,"rental (private)"
"290","Burnley",377,4709,393,4798,451,4195,431,3312,541,3188,738,2895,931,2908,"rental (private)"
"291","Buckinghamshire",1684,4363,1342,3887,1450,4040,2084,4978,2847,5795,3702,6386,4503,6458,"rental (private)"
"292","Broxtowe",308,1331,279,1177,330,1284,518,1556,722,1944,901,2212,1026,2371,"rental (private)"
"293","Broxbourne",545,977,486,919,505,914,719,1030,926,1155,1163,1269,1314,1306,"rental (private)"
"294","Bromsgrove",256,745,236,692,215,688,262,688,359,782,433,864,487,879,"rental (private)"
"295","Bromley",1386,2984,1218,2662,1261,2542,1681,2923,2187,3314,2687,3693,3208,3957,"rental (private)"
"296","Broadland",341,1052,286,949,314,1019,461,1223,628,1415,771,1598,900,1679,"rental (private)"
"297","Bristol, City of",3453,8219,3013,7673,3517,8416,5232,10334,6840,11557,8387,12384,9856,12892,"rental (private)"
"298","Brighton and Hove",2124,6032,1939,5451,2396,6194,3509,8315,4900,10006,5982,11089,7104,11549,"rental (private)"
"299","Bridgend",475,2125,386,2036,418,1692,540,1564,812,1741,1116,1841,1291,1976,"rental (private)"
"300","Brentwood",313,716,259,603,291,628,479,778,629,879,819,1032,962,1087,"rental (private)"
"301","Brent",3094,8029,3389,8259,4202,9020,5204,10092,6096,10516,7098,10820,7417,10490,"rental (private)"
"302","Breckland",447,1551,385,1442,473,1701,655,2066,918,2308,1199,2497,1370,2638,"rental (private)"
"303","Braintree",461,1089,390,1022,473,1116,785,1486,1017,1744,1274,1989,1472,2070,"rental (private)"
"304","Bradford",2328,15583,2323,15885,2582,14978,3251,13205,3633,11633,3953,9035,4378,9007,"rental (private)"
"305","Bracknell Forest",533,739,440,608,481,624,760,767,973,906,1232,1012,1408,1099,"rental (private)"
"306","Bournemouth, Christchurch and Poole",3193,6474,3072,6237,3936,6656,6220,8345,7861,8808,8928,9166,9412,9236,"rental (private)"
"307","Boston",275,1050,269,1064,309,1179,478,1296,804,1601,923,1664,1044,1645,"rental (private)"
"308","Bolton",1621,6037,1566,5971,1498,4798,1811,3907,2264,3629,3033,3516,3707,3672,"rental (private)"
"309","Bolsover",222,1328,175,1289,249,1284,316,1277,453,1339,582,1355,666,1435,"rental (private)"
"310","Blaenau Gwent",171,1209,138,1194,145,1093,170,882,281,908,342,834,441,936,"rental (private)"
"311","Blackpool",1899,12874,1817,12973,1636,10301,1781,8144,1977,7075,2217,6098,2441,5969,"rental (private)"
"312","Blackburn with Darwen",687,4621,702,4814,692,3721,664,3014,738,2422,965,1874,1102,1724,"rental (private)"
"313","Blaby",293,834,219,683,223,654,313,715,397,807,523,929,628,952,"rental (private)"
"314","Birmingham",5806,22994,5248,21772,5954,19422,7609,18314,9658,19437,12058,20118,13545,20766,"rental (private)"
"315","Bexley",764,2225,725,2118,874,2337,1136,2664,1379,2920,1599,2926,1950,2988,"rental (private)"
"316","Bedford",741,2151,709,2133,812,2401,1167,2866,1568,3315,1929,3678,2130,3695,"rental (private)"
"317","Bath and North East Somerset",972,2510,816,2152,892,2611,1385,3596,1770,4236,2047,4759,2413,5234,"rental (private)"
"318","Bassetlaw",403,1800,363,1738,315,1589,517,1773,689,1824,838,1898,1023,2038,"rental (private)"
"319","Basingstoke and Deane",748,1149,648,1062,849,1335,1466,1816,1998,2064,2403,2215,2725,2259,"rental (private)"
"320","Basildon",707,1295,607,1144,631,1081,886,1175,1005,1358,1369,1529,1785,1681,"rental (private)"
"321","Barrow-in-Furness",189,1033,202,1050,258,1164,335,1131,361,1099,526,1206,636,1317,"rental (private)"
"322","Barnsley",940,4045,811,3741,822,3234,1273,3020,1718,3149,2141,3193,2458,3530,"rental (private)"
"323","Barnet",4326,8166,4194,7944,4550,7857,5332,8328,6390,9072,7502,9566,8451,9453,"rental (private)"
"324","Barking and Dagenham",1483,4204,1459,4207,1656,4284,1840,4064,2114,4111,2496,4278,2872,4336,"rental (private)"
"325","Babergh",250,787,297,729,333,786,389,974,524,1099,656,1289,658,1450,"rental (private)"
"326","Ashford",457,1044,378,977,414,945,609,1088,882,1252,1192,1360,1340,1344,"rental (private)"
"327","Ashfield",385,1794,336,1820,361,1771,493,1795,637,1876,828,1987,979,1974,"rental (private)"
"328","Arun",616,1689,544,1584,697,1899,1012,2351,1314,2751,1684,3099,1935,3182,"rental (private)"
"329","Amber Valley",361,1503,320,1397,359,1328,449,1524,553,1728,711,1895,912,1994,"rental (private)"
"330","Allerdale",131,1219,119,1148,129,1060,137,960,160,810,181,760,260,776,"rental (private)"
"331","Adur",188,561,166,538,171,516,242,584,330,659,414,722,464,698,"rental (private)"
"332","",13,70,12,81,4,69,1,52,615,813,1186,1377,2327,2525,"rental (private)"
