"","currentLAlabel","AtoC_13_17","DtoG_13_17","AtoC_14_18","DtoG_14_18","AtoC_15_19","DtoG_15_19","AtoC_16_20","DtoG_16_20","AtoC_17_21","DtoG_17_21","AtoC_18_22","DtoG_18_22","tenureclean"
"1","York",0.95697796432319,0.0430220356768101,0.959722934838379,0.0402770651616213,0.966801173881145,0.0331988261188555,0.971869328493648,0.0281306715063521,0.972425291778889,0.0275747082211107,0.974114746750336,0.0258852532496638,"rental (private)"
"2","Wyre Forest",0.933380581148122,0.0666194188518781,0.943425076452599,0.0565749235474006,0.95174098961515,0.0482590103848503,0.958706467661692,0.0412935323383085,0.959912854030501,0.0400871459694989,0.96078431372549,0.0392156862745098,"rental (private)"
"3","Wyre",0.911056376573618,0.088943623426382,0.910289389067524,0.0897106109324759,0.914341975713817,0.0856580242861831,0.920970537261698,0.0790294627383016,0.929419748897184,0.0705802511028164,0.938331710483609,0.0616682895163908,"rental (private)"
"4","Wychavon",0.936476751800917,0.0635232481990832,0.934362934362934,0.0656370656370656,0.930338213023725,0.0696617869762746,0.930401366353544,0.069598633646456,0.938590604026846,0.0614093959731544,0.95478852698104,0.0452114730189596,"rental (private)"
"5","Wrexham",0.949648077964266,0.0503519220357336,0.94802969731582,0.0519703026841805,0.957928802588997,0.0420711974110032,0.965587873822204,0.034412126177796,0.96975153042852,0.03024846957148,0.97073331141072,0.0292666885892798,"rental (private)"
"6","Worthing",0.866141732283465,0.133858267716535,0.868159203980099,0.131840796019901,0.882669537136706,0.117330462863294,0.90460947503201,0.0953905249679898,0.913957399103139,0.086042600896861,0.918884009299923,0.0811159907000775,"rental (private)"
"7","Worcester",0.954233409610984,0.045766590389016,0.955296404275996,0.0447035957240039,0.950617283950617,0.0493827160493827,0.945215225898257,0.0547847741017431,0.943609022556391,0.056390977443609,0.946115973741794,0.0538840262582057,"rental (private)"
"8","Wolverhampton",0.917248649360917,0.0827513506390829,0.921056429499206,0.0789435705007938,0.916810493614084,0.0831895063859165,0.945384925433293,0.054615074566707,0.94734693877551,0.0526530612244898,0.954224715035281,0.0457752849647187,"rental (private)"
"9","Wokingham",0.945904173106646,0.0540958268933539,0.941176470588235,0.0588235294117647,0.951707317073171,0.0482926829268293,0.955137481910275,0.044862518089725,0.962996941896024,0.0370030581039755,0.965811965811966,0.0341880341880342,"rental (private)"
"10","Woking",0.933673469387755,0.0663265306122449,0.943190661478599,0.0568093385214008,0.954265159301131,0.0457348406988695,0.957101207830071,0.0428987921699292,0.959532089788176,0.0404679102118242,0.971448796602171,0.0285512033978292,"rental (private)"
"11","Wirral",0.926769170116302,0.073230829883698,0.926416819012797,0.0735831809872029,0.922526118088978,0.0774738819110224,0.930008045052293,0.0699919549477072,0.935505319148936,0.0644946808510638,0.942198909801502,0.0578010901984984,"rental (private)"
"12","Windsor and Maidenhead",0.90975387420237,0.0902461257976299,0.910530821917808,0.0894691780821918,0.928149024246008,0.0718509757539917,0.935929029078364,0.0640709709216363,0.940066592674806,0.0599334073251942,0.945834154027969,0.0541658459720307,"rental (private)"
"13","Winchester",0.911620294599018,0.088379705400982,0.919745222929936,0.0802547770700637,0.934282126412725,0.065717873587275,0.940293296089385,0.0597067039106145,0.943956376855498,0.0560436231445017,0.949524312896406,0.0504756871035941,"rental (private)"
"14","Wiltshire",0.935547194503517,0.0644528054964829,0.934446939921392,0.0655530600786075,0.941043083900227,0.0589569160997732,0.947364002686367,0.0526359973136333,0.953539665599431,0.0464603344005692,0.95583392522761,0.0441660747723897,"rental (private)"
"15","Wigan",0.936843805524148,0.063156194475852,0.925503216434945,0.074496783565055,0.916715088127058,0.0832849118729421,0.926465546794652,0.073534453205348,0.944375,0.055625,0.950860877215031,0.0491391227849692,"rental (private)"
"16","Westminster",0.873949579831933,0.126050420168067,0.877718744811556,0.122281255188444,0.897164702134438,0.102835297865562,0.91077660294807,0.0892233970519298,0.917818116138355,0.0821818838616454,0.92701257988023,0.0729874201197701,"rental (private)"
"17","West Suffolk",0.937862202189311,0.062137797810689,0.938374596340151,0.0616254036598493,0.951492537313433,0.0485074626865672,0.955804861465239,0.0441951385347612,0.960979121670266,0.0390208783297336,0.962664097314224,0.0373359026857762,"rental (private)"
"18","West Oxfordshire",0.932735426008969,0.0672645739910314,0.926201760324983,0.0737982396750169,0.911701671667381,0.0882983283326189,0.927060309441112,0.0729396905588885,0.934982151963284,0.065017848036716,0.941230698317585,0.0587693016824153,"rental (private)"
"19","West Northamptonshire",0.940998755997867,0.0590012440021326,0.949685534591195,0.050314465408805,0.952647657841141,0.0473523421588595,0.958747004450531,0.0412529955494694,0.961112818936366,0.0388871810636336,0.964321110009911,0.0356788899900892,"rental (private)"
"20","West Lindsey",0.957498778700537,0.0425012212994626,0.959943449575872,0.0400565504241282,0.964359718193121,0.0356402818068794,0.969484391441599,0.0305156085584006,0.967242620590353,0.0327573794096472,0.967741935483871,0.032258064516129,"rental (private)"
"21","West Lancashire",0.955280685061846,0.0447193149381541,0.952928297755884,0.047071702244116,0.949460916442049,0.0505390835579515,0.930622009569378,0.069377990430622,0.933181473044799,0.0668185269552012,0.932123655913978,0.0678763440860215,"rental (private)"
"22","West Devon",0.925925925925926,0.0740740740740741,0.916023166023166,0.083976833976834,0.917731629392971,0.0822683706070288,0.921594684385382,0.0784053156146179,0.928074245939675,0.0719257540603248,0.931818181818182,0.0681818181818182,"rental (private)"
"23","West Berkshire",0.929416403785489,0.070583596214511,0.929572529782761,0.070427470217239,0.939385065885798,0.0606149341142021,0.936196319018405,0.0638036809815951,0.944256375535996,0.0557436244640036,0.950020399836801,0.0499796001631987,"rental (private)"
"24","Welwyn Hatfield",0.966370558375635,0.0336294416243655,0.955591225254147,0.0444087747458534,0.961364570489108,0.0386354295108919,0.963596650891882,0.0364033491081179,0.966875559534467,0.0331244404655327,0.970019078768057,0.0299809212319433,"rental (private)"
"25","Wealden",0.912810194500335,0.0871898054996647,0.913738019169329,0.0862619808306709,0.926356589147287,0.0736434108527132,0.923579688285571,0.0764203117144294,0.933041575492341,0.0669584245076586,0.936990363232024,0.0630096367679763,"rental (private)"
"26","Waverley",0.907563025210084,0.092436974789916,0.918136908962597,0.081863091037403,0.928656361474435,0.0713436385255648,0.931088082901554,0.0689119170984456,0.941395348837209,0.0586046511627907,0.953907815631262,0.0460921843687375,"rental (private)"
"27","Watford",0.919159770846595,0.0808402291534055,0.916852678571429,0.0831473214285714,0.931603773584906,0.0683962264150943,0.938552713661884,0.061447286338116,0.946092977250247,0.0539070227497527,0.958270918039803,0.0417290819601969,"rental (private)"
"28","Warwick",0.929159802306425,0.070840197693575,0.929183135704875,0.0708168642951252,0.931204508100493,0.0687954918995069,0.934257425742574,0.0657425742574257,0.93753365643511,0.0624663435648896,0.937740693196406,0.0622593068035944,"rental (private)"
"29","Warrington",0.954423592493298,0.0455764075067024,0.95086271567892,0.0491372843210803,0.952755905511811,0.047244094488189,0.959167333867094,0.0408326661329063,0.965601965601966,0.0343980343980344,0.971953578336557,0.0280464216634429,"rental (private)"
"30","Wandsworth",0.876505061267981,0.123494938732019,0.882250639386189,0.117749360613811,0.897036446634302,0.102963553365698,0.907748000233549,0.0922519997664506,0.917776639344262,0.0822233606557377,0.923928856351776,0.0760711436482238,"rental (private)"
"31","Waltham Forest",0.892370203160271,0.107629796839729,0.894242916441076,0.105757083558924,0.896667447124015,0.103332552875985,0.9117624193423,0.0882375806577004,0.918328111649103,0.0816718883508972,0.922842433274624,0.077157566725376,"rental (private)"
"32","Walsall",0.937152629328773,0.062847370671227,0.928459646769506,0.0715403532304941,0.923609508423725,0.0763904915762751,0.934907834101382,0.0650921658986175,0.934345281638625,0.0656547183613753,0.939565943238731,0.0604340567612688,"rental (private)"
"33","Wakefield",0.954089815557338,0.0459101844426624,0.950674373795761,0.0493256262042389,0.95249653259362,0.04750346740638,0.959619952494062,0.0403800475059382,0.961208775243353,0.0387912247566468,0.965538847117794,0.0344611528822055,"rental (private)"
"34","Vale of White Horse",0.941860465116279,0.0581395348837209,0.946625766871166,0.0533742331288344,0.948215839860748,0.0517841601392515,0.951098511693834,0.0489014883061658,0.956482320942883,0.043517679057117,0.959498301541678,0.0405016984583224,"rental (private)"
"35","Vale of Glamorgan",0.941844616083598,0.0581553839164016,0.943246810382754,0.0567531896172459,0.937251787132645,0.062748212867355,0.949066213921901,0.0509337860780985,0.957565605806812,0.0424343941931882,0.959869576122398,0.0401304238776022,"rental (private)"
"36","Uttlesford",0.918918918918919,0.0810810810810811,0.942942942942943,0.0570570570570571,0.948717948717949,0.0512820512820513,0.94192256341789,0.0580774365821095,0.939845145920191,0.0601548540798094,0.939244663382594,0.0607553366174056,"rental (private)"
"37","Tunbridge Wells",0.905300774270399,0.0946992257296009,0.905063291139241,0.0949367088607595,0.912725709372313,0.087274290627687,0.918743228602384,0.0812567713976165,0.91317926296065,0.0868207370393504,0.91853079259873,0.0814692074012704,"rental (private)"
"38","Trafford",0.891556514701915,0.108443485298085,0.889180672268908,0.110819327731092,0.900784494693124,0.0992155053068759,0.91945889698231,0.0805411030176899,0.93016975308642,0.0698302469135803,0.934752981260647,0.0652470187393526,"rental (private)"
"39","Tower Hamlets",0.904809286898839,0.0951907131011609,0.907081920032891,0.0929180799671086,0.930506478209658,0.0694935217903416,0.94301162476345,0.0569883752365504,0.95036563071298,0.0496343692870201,0.955448717948718,0.0445512820512821,"rental (private)"
"40","Torridge",0.886837881219904,0.113162118780096,0.892668178382464,0.107331821617536,0.897005988023952,0.102994011976048,0.911627906976744,0.0883720930232558,0.931860902255639,0.0681390977443609,0.93910521955261,0.0608947804473902,"rental (private)"
"41","Torfaen",0.927355278093076,0.0726447219069239,0.933333333333333,0.0666666666666667,0.934108527131783,0.0658914728682171,0.959627329192547,0.0403726708074534,0.97678916827853,0.02321083172147,0.980214344600165,0.0197856553998351,"rental (private)"
"42","Torbay",0.881018617590413,0.118981382409587,0.879339905700814,0.120660094299186,0.888045171339564,0.111954828660436,0.902183406113537,0.0978165938864629,0.90870253164557,0.0912974683544304,0.916149985237673,0.0838500147623265,"rental (private)"
"43","Tonbridge and Malling",0.930530164533821,0.0694698354661792,0.928807947019868,0.0711920529801325,0.934228187919463,0.0657718120805369,0.939377085650723,0.060622914349277,0.944418276024494,0.0555817239755064,0.95009900990099,0.0499009900990099,"rental (private)"
"44","Thurrock",0.947259136212625,0.0527408637873754,0.955217196596507,0.0447828034034931,0.959355290819902,0.0406447091800981,0.961618565903005,0.0383814340969949,0.964970595755561,0.0350294042444388,0.966822533956803,0.0331774660431975,"rental (private)"
"45","Three Rivers",0.940540540540541,0.0594594594594595,0.946341463414634,0.0536585365853659,0.952734012974977,0.0472659870250232,0.960556844547564,0.0394431554524362,0.959493670886076,0.0405063291139241,0.963626779124934,0.0363732208750659,"rental (private)"
"46","Thanet",0.897168803418803,0.102831196581197,0.888742420247825,0.111257579752175,0.897294709121379,0.102705290878621,0.905169063350175,0.0948309366498251,0.911734519329456,0.088265480670544,0.918187539332914,0.0818124606670862,"rental (private)"
"47","Tewkesbury",0.926585094549499,0.0734149054505006,0.925388601036269,0.0746113989637306,0.930930930930931,0.0690690690690691,0.947554507955215,0.0524454920447849,0.951038575667656,0.0489614243323442,0.953730721133806,0.0462692788661942,"rental (private)"
"48","Test Valley",0.921364985163205,0.0786350148367952,0.921925829538061,0.0780741704619388,0.935697399527187,0.0643026004728132,0.942998760842627,0.057001239157373,0.951807228915663,0.0481927710843374,0.95470955037742,0.0452904496225796,"rental (private)"
"49","Tendring",0.917742530431575,0.0822574695684249,0.916877484640405,0.0831225153595952,0.922112018669778,0.0778879813302217,0.93063446969697,0.0693655303030303,0.93304311774461,0.0669568822553897,0.937317251461988,0.0626827485380117,"rental (private)"
"50","Telford and Wrekin",0.977635782747604,0.0223642172523962,0.973595333128646,0.026404666871354,0.972222222222222,0.0277777777777778,0.973954222573007,0.0260457774269929,0.975350520126639,0.0246494798733605,0.97795668008434,0.0220433199156603,"rental (private)"
"51","Teignbridge",0.914938637325434,0.0850613626745662,0.917852785685238,0.0821472143147621,0.921364985163205,0.0786350148367952,0.923076923076923,0.0769230769230769,0.927341698278378,0.0726583017216224,0.929042469005539,0.0709575309944606,"rental (private)"
"52","Tandridge",0.896719319562576,0.103280680437424,0.890011223344557,0.109988776655443,0.906976744186046,0.0930232558139535,0.924920127795527,0.0750798722044728,0.934379457917261,0.0656205420827389,0.938255887969446,0.0617441120305538,"rental (private)"
"53","Tamworth",0.954037267080745,0.0459627329192547,0.958960328317373,0.0410396716826265,0.965467625899281,0.0345323741007194,0.974099099099099,0.0259009009009009,0.979166666666667,0.0208333333333333,0.97588424437299,0.0241157556270096,"rental (private)"
"54","Tameside",0.953874538745387,0.0461254612546125,0.948540222642302,0.051459777357698,0.941069397042093,0.0589306029579067,0.942401110340042,0.0575988896599584,0.946498477598956,0.0535015224010439,0.952730883813307,0.0472691161866931,"rental (private)"
"55","Swindon",0.952615384615385,0.0473846153846154,0.960666194188519,0.0393338058114812,0.961965574680733,0.0380344253192671,0.961630695443645,0.0383693045563549,0.967192764674588,0.0328072353254123,0.969383092155369,0.0306169078446306,"rental (private)"
"56","Swansea",0.954624781849913,0.0453752181500873,0.955680399500624,0.0443196004993758,0.956254392129304,0.0437456078706957,0.964729335991412,0.0352706640085876,0.972426937738247,0.0275730622617535,0.974447118139109,0.0255528818608915,"rental (private)"
"57","Swale",0.948670944087993,0.0513290559120073,0.939721097615834,0.0602789023841655,0.940167949615116,0.0598320503848845,0.947429231658001,0.0525707683419988,0.944885926685465,0.0551140733145347,0.949787993751395,0.0502120062486052,"rental (private)"
"58","Sutton",0.889126559714795,0.110873440285205,0.898880105401844,0.101119894598155,0.910482615464453,0.0895173845355475,0.914380530973451,0.0856194690265487,0.920491029272899,0.079508970727101,0.924796395771963,0.0752036042280367,"rental (private)"
"59","Surrey Heath",0.909198113207547,0.0908018867924528,0.925888324873096,0.0741116751269036,0.952341824157765,0.047658175842235,0.958247775496235,0.0417522245037645,0.963347587049481,0.0366524129505192,0.964503605102607,0.0354963948973932,"rental (private)"
"60","Sunderland",0.913738019169329,0.0862619808306709,0.923379878267096,0.0766201217329037,0.923139987702398,0.076860012297602,0.932536622976099,0.0674633770239013,0.941033320853613,0.0589666791463871,0.946954813359528,0.0530451866404715,"rental (private)"
"61","Stroud",0.94131641554322,0.0586835844567803,0.943651389932382,0.0563486100676183,0.944574095682614,0.0554259043173862,0.947588126159555,0.0524118738404453,0.948840927258193,0.0511590727418066,0.950737144911902,0.0492628550880978,"rental (private)"
"62","Stratford-on-Avon",0.941505595116989,0.0584944048830112,0.93521000893655,0.0647899910634495,0.935260115606936,0.0647398843930636,0.932545201668985,0.0674547983310153,0.93353751914242,0.0664624808575804,0.933957072096863,0.066042927903137,"rental (private)"
"63","Stoke-on-Trent",0.974769914312916,0.0252300856870835,0.96645449853776,0.0335455014622398,0.96011147883644,0.0398885211635604,0.967947669664759,0.0320523303352412,0.969459906724838,0.0305400932751617,0.972131787993228,0.0278682120067717,"rental (private)"
"64","Stockton-on-Tees",0.959555299980832,0.0404447000191681,0.960665658093797,0.0393343419062027,0.955329709288584,0.0446702907114157,0.960931983996234,0.0390680160037656,0.965304724948642,0.0346952750513581,0.968885225633629,0.0311147743663713,"rental (private)"
"65","Stockport",0.926390993721585,0.0736090062784152,0.924419940271077,0.0755800597289226,0.91905078731426,0.0809492126857396,0.92156862745098,0.0784313725490196,0.924470055566989,0.0755299444330109,0.926138467234358,0.0738615327656423,"rental (private)"
"66","Stevenage",0.96078431372549,0.0392156862745098,0.94840834248079,0.0515916575192097,0.949066213921901,0.0509337860780985,0.95364238410596,0.0463576158940397,0.956112852664577,0.0438871473354232,0.959482273494654,0.0405177265053461,"rental (private)"
"67","Staffordshire Moorlands",0.947939262472885,0.052060737527115,0.943632567849687,0.0563674321503132,0.944237918215613,0.0557620817843866,0.953545232273839,0.0464547677261614,0.955257270693512,0.0447427293064877,0.958333333333333,0.0416666666666667,"rental (private)"
"68","Stafford",0.949401523394995,0.0505984766050054,0.944561774023231,0.0554382259767687,0.944033302497687,0.0559666975023127,0.949356579493566,0.0506434205064342,0.954781319495923,0.0452186805040771,0.958923023817743,0.0410769761822575,"rental (private)"
"69","St. Helens",0.965408805031447,0.0345911949685535,0.957517547100111,0.0424824528998892,0.943518203470568,0.0564817965294318,0.945072697899838,0.0549273021001615,0.95214899713467,0.0478510028653295,0.9575,0.0425,"rental (private)"
"70","St Albans",0.939149165320409,0.0608508346795907,0.932631578947368,0.0673684210526316,0.938049393051486,0.061950606948514,0.946877012234385,0.0531229877656149,0.949774116396492,0.0502258836035078,0.950963649670651,0.0490363503293486,"rental (private)"
"71","Spelthorne",0.923497267759563,0.0765027322404372,0.916883116883117,0.0831168831168831,0.928489042675894,0.0715109573241061,0.932019704433498,0.0679802955665025,0.943744752308984,0.056255247691016,0.950709484690067,0.0492905153099328,"rental (private)"
"72","Southwark",0.882239382239382,0.117760617760618,0.893078512396694,0.106921487603306,0.905589281976136,0.0944107180238643,0.920273538487199,0.0797264615128013,0.926480062996635,0.0735199370033646,0.933059936908517,0.0669400630914826,"rental (private)"
"73","Southend-on-Sea",0.855614973262032,0.144385026737968,0.86616773057451,0.13383226942549,0.880713066565523,0.119286933434478,0.893897996357013,0.106102003642987,0.906282998944034,0.0937170010559662,0.910637818345729,0.0893621816542709,"rental (private)"
"74","Southampton",0.883475971033575,0.116524028966425,0.883028498511272,0.116971501488728,0.896465174649655,0.103534825350345,0.912100764732344,0.0878992352676563,0.915619532368379,0.0843804676316208,0.925156389633601,0.0748436103663986,"rental (private)"
"75","South Tyneside",0.889429455992923,0.110570544007077,0.9182156133829,0.0817843866171004,0.925,0.075,0.932126696832579,0.0678733031674208,0.935167910447761,0.0648320895522388,0.938261234775305,0.0617387652246955,"rental (private)"
"76","South Staffordshire",0.940350877192982,0.0596491228070175,0.939256572982774,0.0607434270172258,0.944588744588745,0.0554112554112554,0.947583947583948,0.0524160524160524,0.952602952602953,0.0473970473970474,0.955079474775397,0.0449205252246026,"rental (private)"
"77","South Somerset",0.933962264150943,0.0660377358490566,0.927932171455488,0.0720678285445125,0.929052855622561,0.0709471443774388,0.934832756632065,0.0651672433679354,0.941036614360438,0.0589633856395625,0.947278911564626,0.0527210884353742,"rental (private)"
"78","South Ribble",0.951708766716196,0.0482912332838039,0.944274809160305,0.0557251908396947,0.950564971751412,0.0494350282485876,0.949933244325768,0.0500667556742323,0.952863961813842,0.0471360381861575,0.955357142857143,0.0446428571428571,"rental (private)"
"79","South Oxfordshire",0.924252491694352,0.0757475083056478,0.905882352941176,0.0941176470588235,0.920579029733959,0.0794209702660407,0.936143831370118,0.0638561686298822,0.940798285561211,0.0592017144387892,0.944795719844358,0.055204280155642,"rental (private)"
"80","South Norfolk",0.933659217877095,0.066340782122905,0.935402153261558,0.0645978467384421,0.946521533364884,0.0534784666351159,0.9536,0.0464,0.95226220163876,0.0477377983612398,0.954517704517705,0.0454822954822955,"rental (private)"
"81","South Lakeland",0.910187667560322,0.0898123324396783,0.918231374924288,0.0817686250757117,0.922071392659628,0.077928607340372,0.927101200686106,0.0728987993138936,0.928199791883455,0.0718002081165453,0.936832181018228,0.0631678189817725,"rental (private)"
"82","South Kesteven",0.936146585230427,0.0638534147695725,0.931884057971014,0.0681159420289855,0.94385593220339,0.0561440677966102,0.952986398580721,0.0470136014192785,0.962264150943396,0.0377358490566038,0.963792381749686,0.0362076182503139,"rental (private)"
"83","South Holland",0.939655172413793,0.0603448275862069,0.943768996960486,0.0562310030395137,0.948119325551232,0.0518806744487678,0.960526315789474,0.0394736842105263,0.962923728813559,0.0370762711864407,0.963468309859155,0.0365316901408451,"rental (private)"
"84","South Hams",0.923615160349854,0.0763848396501458,0.924971363115693,0.075028636884307,0.923647932131495,0.0763520678685048,0.927000467945718,0.0729995320542817,0.930280528052805,0.0697194719471947,0.929817905918058,0.0701820940819423,"rental (private)"
"85","South Gloucestershire",0.951706910907577,0.048293089092423,0.95625,0.04375,0.953471012689724,0.0465289873102762,0.959382615759545,0.0406173842404549,0.965703666159824,0.0342963338401757,0.968831925429653,0.0311680745703466,"rental (private)"
"86","South Derbyshire",0.95260663507109,0.0473933649289099,0.943303204601479,0.056696795398521,0.952548330404218,0.0474516695957821,0.960604672469079,0.0393953275309208,0.97061191626409,0.0293880837359098,0.974311926605505,0.0256880733944954,"rental (private)"
"87","South Cambridgeshire",0.955638695884554,0.0443613041154463,0.955846676370694,0.0441533236293062,0.963500784929356,0.0364992150706436,0.96125396266291,0.0387460373370905,0.965716116629285,0.0342838833707145,0.968985507246377,0.0310144927536232,"rental (private)"
"88","Somerset West and Taunton",0.920250195465207,0.0797498045347928,0.914461761507793,0.0855382384922073,0.920777713290772,0.0792222867092281,0.925365607665154,0.0746343923348462,0.932559667177578,0.0674403328224217,0.935122610542576,0.0648773894574242,"rental (private)"
"89","Solihull",0.909525560867966,0.0904744391320338,0.924248340491995,0.0757516595080047,0.932353946019815,0.0676460539801845,0.938868613138686,0.0611313868613139,0.941662226957912,0.0583377730420884,0.946009389671362,0.0539906103286385,"rental (private)"
"90","Slough",0.93895767348114,0.0610423265188598,0.934895041070885,0.0651049589291147,0.946361185983827,0.0536388140161725,0.957269037956553,0.0427309620434471,0.956210354000409,0.0437896459995908,0.96365202411714,0.0363479758828596,"rental (private)"
"91","Shropshire",0.927258950558818,0.072741049441182,0.935339805825243,0.0646601941747573,0.9415,0.0585,0.940931409016515,0.0590685909834846,0.943240047299961,0.0567599527000394,0.947648410107605,0.0523515898923951,"rental (private)"
"92","Sheffield",0.913232891631875,0.0867671083681249,0.928009828009828,0.071990171990172,0.940389116442364,0.059610883557636,0.954275142064226,0.0457248579357738,0.959197830611087,0.0408021693889134,0.964694933984761,0.0353050660152388,"rental (private)"
"93","Sevenoaks",0.903036238981391,0.0969637610186092,0.899461400359066,0.100538599640934,0.908689248895434,0.0913107511045655,0.921151439299124,0.0788485607008761,0.934181415929204,0.0658185840707965,0.939277108433735,0.0607228915662651,"rental (private)"
"94","Selby",0.95450852965069,0.0454914703493095,0.95295124037639,0.0470487596236099,0.958015267175573,0.0419847328244275,0.953503601833661,0.0464963981663392,0.958494742667405,0.0415052573325955,0.958843704066634,0.041156295933366,"rental (private)"
"95","Sefton",0.886583530423565,0.113416469576435,0.904534897934238,0.0954651020657621,0.908993576017131,0.0910064239828694,0.910103420843278,0.0898965791567224,0.917057686999724,0.082942313000276,0.926290894757588,0.0737091052424123,"rental (private)"
"96","Sedgemoor",0.941954022988506,0.0580459770114943,0.938117524700988,0.061882475299012,0.941333333333333,0.0586666666666667,0.938516461721539,0.0614835382784609,0.938578329882678,0.0614216701173223,0.945788667687596,0.0542113323124043,"rental (private)"
"97","Scarborough",0.9,0.1,0.897340577637975,0.102659422362025,0.904369538077403,0.0956304619225967,0.915310898150212,0.0846891018497883,0.920099358310909,0.0799006416890913,0.928060336491975,0.0719396635080255,"rental (private)"
"98","Sandwell",0.940185213298922,0.0598147867010779,0.942715019255456,0.0572849807445443,0.939001209607741,0.0609987903922585,0.945306252998561,0.0546937470014393,0.949206811235628,0.050793188764372,0.954622950819672,0.0453770491803279,"rental (private)"
"99","Salford",0.935241186015637,0.0647588139843635,0.93353115727003,0.0664688427299703,0.931913321841911,0.0680866781580891,0.940712708924629,0.0592872910753705,0.949387755102041,0.0506122448979592,0.956080804776315,0.0439191952236853,"rental (private)"
"100","Ryedale",0.932094353109364,0.0679056468906362,0.933153274814315,0.0668467251856854,0.93489932885906,0.0651006711409396,0.942948717948718,0.057051282051282,0.948242811501597,0.0517571884984026,0.957191780821918,0.0428082191780822,"rental (private)"
"101","Rutland",0.933846153846154,0.0661538461538462,0.947839046199702,0.0521609538002981,0.957446808510638,0.0425531914893617,0.967992240543162,0.032007759456838,0.971248876909254,0.0287511230907457,0.967596759675968,0.0324032403240324,"rental (private)"
"102","Rushmoor",0.939024390243902,0.0609756097560976,0.944341372912802,0.0556586270871985,0.936865021770682,0.0631349782293179,0.948807446189645,0.0511925538103549,0.958252427184466,0.041747572815534,0.962332928311057,0.0376670716889429,"rental (private)"
"103","Rushcliffe",0.929093567251462,0.070906432748538,0.931890515595162,0.0681094844048377,0.95069033530572,0.0493096646942801,0.953796705504219,0.0462032944957814,0.96100278551532,0.0389972144846797,0.965527950310559,0.034472049689441,"rental (private)"
"104","Runnymede",0.929606625258799,0.0703933747412008,0.938356164383562,0.0616438356164384,0.946008041355543,0.0539919586444572,0.951195219123506,0.048804780876494,0.958456973293769,0.0415430267062315,0.959459459459459,0.0405405405405405,"rental (private)"
"105","Rugby",0.934336525307798,0.0656634746922025,0.939563862928349,0.0604361370716511,0.949481281010374,0.0505187189896256,0.952779893373953,0.0472201066260472,0.95992305226034,0.0400769477396601,0.963237474058701,0.0367625259412986,"rental (private)"
"106","Rotherham",0.9564841996201,0.0435158003798998,0.956545654565457,0.0434543454345435,0.95154095701541,0.0484590429845904,0.957557557557558,0.0424424424424424,0.957597851112817,0.0424021488871834,0.962151053262545,0.037848946737455,"rental (private)"
"107","Rother",0.882738528769119,0.117261471230881,0.885173501577287,0.114826498422713,0.894052973513243,0.105947026486757,0.900254668930391,0.0997453310696095,0.907172995780591,0.0928270042194093,0.917389795209997,0.0826102047900035,"rental (private)"
"108","Rossendale",0.952933151432469,0.0470668485675307,0.952091254752852,0.0479087452471483,0.94945567651633,0.0505443234836703,0.962108731466227,0.0378912685337726,0.969230769230769,0.0307692307692308,0.970318021201413,0.0296819787985866,"rental (private)"
"109","Rochford",0.931232091690544,0.0687679083094556,0.92328398384926,0.0767160161507402,0.944711538461538,0.0552884615384615,0.943952802359882,0.056047197640118,0.950889077053345,0.0491109229466554,0.95952023988006,0.04047976011994,"rental (private)"
"110","Rochdale",0.961496549219034,0.0385034507809662,0.961377870563674,0.0386221294363257,0.960592309529496,0.0394076904705039,0.964036222509702,0.0359637774902975,0.970906282183316,0.0290937178166838,0.971194327498338,0.0288056725016619,"rental (private)"
"111","Richmondshire",0.950554994954591,0.0494450050454087,0.948220064724919,0.0517799352750809,0.953378378378378,0.0466216216216216,0.957957957957958,0.042042042042042,0.962380685008422,0.0376193149915778,0.967098703888335,0.032901296111665,"rental (private)"
"112","Richmond upon Thames",0.882890855457227,0.117109144542773,0.885706914344685,0.114293085655315,0.89652218605448,0.10347781394552,0.908741066520066,0.091258933479934,0.914119876806444,0.085880123193556,0.920660276890309,0.0793397231096912,"rental (private)"
"113","Ribble Valley",0.94620253164557,0.0537974683544304,0.95148842337376,0.0485115766262404,0.949647532729104,0.0503524672708963,0.948176583493282,0.0518234165067179,0.952565343659245,0.0474346563407551,0.951785714285714,0.0482142857142857,"rental (private)"
"114","Rhondda Cynon Taf",0.96881265315215,0.0311873468478503,0.965377268385864,0.0346227316141356,0.966244725738397,0.0337552742616034,0.972844663881504,0.027155336118496,0.973969631236443,0.0260303687635575,0.977662969153624,0.0223370308463759,"rental (private)"
"115","Reigate and Banstead",0.932820153953814,0.0671798460461861,0.925399644760213,0.0746003552397869,0.937631689844079,0.0623683101559208,0.935862068965517,0.0641379310344828,0.937859957562898,0.0621400424371022,0.942359249329759,0.0576407506702413,"rental (private)"
"116","Redditch",0.959821428571429,0.0401785714285714,0.954692556634304,0.0453074433656958,0.953571428571429,0.0464285714285714,0.956549520766773,0.0434504792332268,0.968617984308992,0.0313820156910078,0.966666666666667,0.0333333333333333,"rental (private)"
"117","Redcar and Cleveland",0.949839914621131,0.0501600853788687,0.944224321853094,0.0557756781469064,0.943564356435644,0.0564356435643564,0.935117302052786,0.0648826979472141,0.937060702875399,0.0629392971246006,0.936756599941979,0.0632434000580215,"rental (private)"
"118","Redbridge",0.926594607435562,0.0734053925644376,0.928424938474159,0.0715750615258409,0.933536276002029,0.0664637239979706,0.940842726378697,0.0591572736213027,0.943656064313177,0.0563439356868228,0.946512233211869,0.0534877667881312,"rental (private)"
"119","Reading",0.908952574182095,0.0910474258179051,0.915583116623325,0.0844168833766753,0.930073750341437,0.0699262496585632,0.938514565265733,0.0614854347342673,0.946737683089214,0.0532623169107856,0.953067645516518,0.0469323544834819,"rental (private)"
"120","Preston",0.93632874237977,0.0636712576202303,0.931439764936337,0.0685602350636631,0.930405567554596,0.0695944324454044,0.935982865302237,0.064017134697763,0.940998838559814,0.0590011614401858,0.950555434545851,0.0494445654541494,"rental (private)"
"121","Powys",0.896674057649667,0.103325942350333,0.896551724137931,0.103448275862069,0.905937052932761,0.0940629470672389,0.903606557377049,0.0963934426229508,0.916050842447532,0.0839491575524682,0.926067907995619,0.0739320920043812,"rental (private)"
"122","Portsmouth",0.900413507925569,0.0995864920744314,0.902073150176976,0.0979268498230238,0.922659968270756,0.0773400317292438,0.930554055513554,0.0694459444864456,0.935015361698166,0.0649846383018341,0.941328014626444,0.0586719853735561,"rental (private)"
"123","Plymouth",0.927668728152729,0.0723312718472708,0.923883442265795,0.0761165577342048,0.928446334751063,0.0715536652489367,0.940909090909091,0.0590909090909091,0.948715365239295,0.0512846347607053,0.955135874209537,0.0448641257904632,"rental (private)"
"124","Peterborough",0.960325248843404,0.0396747511565961,0.958570386579139,0.0414296134208607,0.959212376933896,0.0407876230661041,0.962546337722102,0.0374536622778985,0.971501852379595,0.0284981476204047,0.975303853116111,0.0246961468838893,"rental (private)"
"125","Pendle",0.958668813741278,0.0413311862587225,0.956373762376238,0.0436262376237624,0.955572010366531,0.0444279896334691,0.961923847695391,0.0380761523046092,0.971355280034203,0.0286447199657974,0.97503671071953,0.0249632892804699,"rental (private)"
"126","Pembrokeshire",0.91380060949064,0.08619939050936,0.919077979401667,0.0809220205983325,0.913299663299663,0.0867003367003367,0.920990960830264,0.0790090391697355,0.926914153132251,0.0730858468677494,0.935801811401172,0.0641981885988279,"rental (private)"
"127","Oxford",0.924037726229926,0.0759622737700739,0.931330472103004,0.0686695278969957,0.93960364894621,0.0603963510537905,0.95183615819209,0.0481638418079096,0.955374466433838,0.0446255335661622,0.963027783854736,0.0369722161452636,"rental (private)"
"128","Oldham",0.96507191077194,0.0349280892280599,0.961387200572042,0.0386127994279585,0.950975725844836,0.0490242741551642,0.954282711508145,0.045717288491855,0.960086299892125,0.0399137001078749,0.964434180138568,0.0355658198614319,"rental (private)"
"129","Oadby and Wigston",0.952702702702703,0.0472972972972973,0.961218836565097,0.038781163434903,0.967257844474761,0.0327421555252387,0.966357308584687,0.0336426914153132,0.968421052631579,0.0315789473684211,0.971122112211221,0.0288778877887789,"rental (private)"
"130","Nuneaton and Bedworth",0.958115183246073,0.0418848167539267,0.950297136682874,0.0497028633171259,0.954909819639279,0.0450901803607214,0.957634228187919,0.0423657718120805,0.958581958581959,0.0414180414180414,0.960991835500454,0.0390081644995464,"rental (private)"
"131","Nottingham",0.951829455775341,0.0481705442246592,0.951110775275805,0.0488892247241953,0.955059420791508,0.044940579208492,0.958132622732397,0.0418673772676027,0.96252129471891,0.0374787052810903,0.965687762980957,0.0343122370190431,"rental (private)"
"132","Norwich",0.944776644389729,0.0552233556102708,0.938683017861903,0.0613169821380965,0.951312286040319,0.0486877139596805,0.959117052697031,0.0408829473029691,0.960191518467852,0.0398084815321477,0.962945023007992,0.0370549769920078,"rental (private)"
"133","Northumberland",0.940886699507389,0.0591133004926108,0.940002850220892,0.0599971497791079,0.94371333439036,0.0562866656096401,0.94331983805668,0.0566801619433198,0.948039053450273,0.051960946549727,0.954150197628459,0.0458498023715415,"rental (private)"
"134","North West Leicestershire",0.937697993664203,0.0623020063357973,0.932218309859155,0.0677816901408451,0.932862190812721,0.0671378091872792,0.934968017057569,0.0650319829424307,0.944874715261959,0.055125284738041,0.955028618152085,0.044971381847915,"rental (private)"
"135","North Warwickshire",0.937967914438503,0.0620320855614973,0.940835266821346,0.0591647331786543,0.937362637362637,0.0626373626373626,0.945004582951421,0.0549954170485793,0.948953974895397,0.0510460251046025,0.948061448427213,0.0519385515727871,"rental (private)"
"136","North Tyneside",0.906225165562914,0.0937748344370861,0.907964601769911,0.0920353982300885,0.9060960591133,0.0939039408866995,0.917940011318619,0.0820599886813809,0.925346331452027,0.0746536685479733,0.938901944029054,0.0610980559709464,"rental (private)"
"137","North Somerset",0.925636007827789,0.0743639921722113,0.923859263331501,0.0761407366684992,0.929925994449584,0.0700740055504163,0.937103174603175,0.0628968253968254,0.943491072976252,0.0565089270237476,0.949155169741125,0.0508448302588746,"rental (private)"
"138","North Northamptonshire",0.95819430814524,0.0418056918547596,0.961851383113361,0.0381486168866389,0.968436154949785,0.0315638450502152,0.968914888735949,0.0310851112640514,0.971151015602002,0.0288489843979982,0.970340440165062,0.0296595598349381,"rental (private)"
"139","North Norfolk",0.929113924050633,0.0708860759493671,0.930394431554524,0.0696055684454756,0.934579439252336,0.0654205607476635,0.935219911353563,0.0647800886464371,0.936951066499373,0.0630489335006273,0.940819861431871,0.0591801385681293,"rental (private)"
"140","North Lincolnshire",0.941503146982599,0.058496853017401,0.947327950788158,0.0526720492118416,0.944597384721266,0.0554026152787337,0.931852296607625,0.0681477033923747,0.941609822646658,0.0583901773533424,0.942670706129107,0.0573292938708926,"rental (private)"
"141","North Kesteven",0.962311557788945,0.0376884422110553,0.958357102110667,0.0416428978893326,0.966446124763705,0.0335538752362949,0.963860206513106,0.0361397934868944,0.967695099818512,0.0323049001814882,0.96981396981397,0.0301860301860302,"rental (private)"
"142","North Hertfordshire",0.936454849498328,0.0635451505016722,0.931057124097177,0.0689428759028234,0.931798806479113,0.0682011935208866,0.937797292352726,0.0622027076472741,0.944272445820433,0.0557275541795666,0.949318801089918,0.0506811989100817,"rental (private)"
"143","North East Lincolnshire",0.961982776727578,0.0380172232724218,0.951591214701927,0.0484087852980726,0.952223088923557,0.0477769110764431,0.947323266986959,0.0526767330130405,0.944657534246575,0.0553424657534247,0.952067204743864,0.0479327952561357,"rental (private)"
"144","North East Derbyshire",0.959264126149803,0.0407358738501971,0.953333333333333,0.0466666666666667,0.944055944055944,0.0559440559440559,0.943396226415094,0.0566037735849057,0.95188679245283,0.0481132075471698,0.959268495428096,0.0407315045719036,"rental (private)"
"145","North Devon",0.909002904162633,0.0909970958373669,0.898418972332016,0.101581027667984,0.906400550584997,0.0935994494150034,0.915170816444702,0.0848291835552982,0.925105747698432,0.0748942523015676,0.933180778032037,0.0668192219679634,"rental (private)"
"146","Newport",0.946064942212438,0.0539350577875619,0.936675461741425,0.0633245382585752,0.929045092838196,0.0709549071618037,0.938157081014224,0.0618429189857761,0.941624365482233,0.0583756345177665,0.950039651070579,0.0499603489294211,"rental (private)"
"147","Newham",0.917065163086147,0.0829348369138534,0.918385221753324,0.0816147782466757,0.919503962430291,0.0804960375697094,0.928999084313587,0.0710009156864126,0.936035308012681,0.063964691987319,0.942900482149629,0.0570995178503711,"rental (private)"
"148","Newcastle-under-Lyme",0.958215697346132,0.0417843026538679,0.957906712172924,0.0420932878270762,0.963390170511535,0.0366098294884654,0.966923425464431,0.0330765745355686,0.961459614596146,0.038540385403854,0.969620253164557,0.030379746835443,"rental (private)"
"149","Newcastle upon Tyne",0.896123260437376,0.103876739562624,0.915066710055321,0.0849332899446795,0.92889745410285,0.0711025458971498,0.937271021356447,0.0627289786435529,0.944426468209028,0.0555735317909723,0.947798066595059,0.0522019334049409,"rental (private)"
"150","Newark and Sherwood",0.952411575562701,0.047588424437299,0.946550652579242,0.0534493474207582,0.957957957957958,0.042042042042042,0.959779847586791,0.0402201524132091,0.965937612047329,0.0340623879526712,0.968173138128581,0.0318268618714195,"rental (private)"
"151","New Forest",0.916526845637584,0.0834731543624161,0.917993630573248,0.0820063694267516,0.922769640479361,0.0772303595206391,0.927029492246884,0.0729705077531164,0.933152173913044,0.0668478260869565,0.938259360277709,0.0617406397222911,"rental (private)"
"152","Neath Port Talbot",0.955223880597015,0.0447761194029851,0.95745595186936,0.0425440481306403,0.954321540528437,0.0456784594715629,0.960017769880053,0.0399822301199467,0.967163039327988,0.0328369606720122,0.971931011159959,0.0280689888400406,"rental (private)"
"153","Monmouthshire",0.947214076246334,0.0527859237536657,0.945720250521921,0.0542797494780793,0.94926913155632,0.0507308684436801,0.949812734082397,0.050187265917603,0.954545454545455,0.0454545454545455,0.9551466359977,0.0448533640023002,"rental (private)"
"154","Mole Valley",0.906387665198238,0.0936123348017621,0.895247332686712,0.104752667313288,0.915218902015288,0.0847810979847116,0.925989672977625,0.0740103270223752,0.925569620253165,0.0744303797468354,0.929058663028649,0.0709413369713506,"rental (private)"
"155","Milton Keynes",0.974936180088187,0.0250638199118125,0.972171113155474,0.0278288868445262,0.974496877168633,0.0255031228313671,0.976688223793052,0.0233117762069484,0.978197674418605,0.0218023255813953,0.979635330333886,0.0203646696661141,"rental (private)"
"156","Middlesbrough",0.969198823325835,0.0308011766741651,0.965426117595243,0.0345738824047567,0.961902259590121,0.0380977404098791,0.962682531097891,0.0373174689021092,0.965690624075717,0.0343093759242828,0.970495258166491,0.029504741833509,"rental (private)"
"157","Mid Sussex",0.941714285714286,0.0582857142857143,0.948544698544699,0.0514553014553015,0.950951374207188,0.0490486257928118,0.951141369643572,0.0488586303564277,0.948545861297539,0.0514541387024608,0.945641025641026,0.0543589743589744,"rental (private)"
"158","Mid Suffolk",0.929916317991632,0.0700836820083682,0.92921146953405,0.0707885304659498,0.936717663421419,0.0632823365785814,0.935689455388181,0.0643105446118192,0.945363408521303,0.0546365914786967,0.943730615861763,0.0562693841382366,"rental (private)"
"159","Mid Devon",0.922821576763486,0.0771784232365145,0.921647819063005,0.0783521809369952,0.927710843373494,0.072289156626506,0.936853565596081,0.0631464344039194,0.943439962911451,0.0565600370885489,0.949039592316739,0.0509604076832615,"rental (private)"
"160","Merton",0.90912598880957,0.0908740111904303,0.915943600867679,0.084056399132321,0.922444860890875,0.077555139109125,0.928754110339788,0.0712458896602119,0.935487333619579,0.0645126663804208,0.942701227830832,0.0572987721691678,"rental (private)"
"161","Merthyr Tydfil",0.959830866807611,0.040169133192389,0.960300429184549,0.0396995708154506,0.959341723136496,0.0406582768635044,0.966115051221434,0.0338849487785658,0.96549245147376,0.0345075485262401,0.968488745980707,0.0315112540192926,"rental (private)"
"162","Mendip",0.944477972238986,0.0555220277610139,0.938566552901024,0.0614334470989761,0.946491228070175,0.0535087719298246,0.951760563380282,0.0482394366197183,0.956215554194734,0.0437844458052664,0.958847736625514,0.0411522633744856,"rental (private)"
"163","Melton",0.923766816143498,0.0762331838565022,0.925757575757576,0.0742424242424242,0.926615553121577,0.0733844468784228,0.930442637759711,0.0695573622402891,0.934565050038491,0.0654349499615089,0.941893830703013,0.0581061692969871,"rental (private)"
"164","Medway",0.946555528315764,0.0534444716842363,0.944233507356431,0.0557664926435691,0.943743037504642,0.0562569624953583,0.944744363289933,0.0552556367100667,0.9506273867976,0.0493726132024004,0.956004901960784,0.0439950980392157,"rental (private)"
"165","Mansfield",0.959316926167755,0.0406830738322451,0.955329949238579,0.0446700507614213,0.959764474975466,0.0402355250245339,0.962196219621962,0.0378037803780378,0.968138195777351,0.0318618042226488,0.973675441519493,0.0263245584805065,"rental (private)"
"166","Manchester",0.913261405148246,0.0867385948517543,0.912990092302481,0.0870099076975188,0.916123599619243,0.0838764003807571,0.92832964907433,0.0716703509256701,0.944126782436821,0.0558732175631794,0.951245690496325,0.0487543095036753,"rental (private)"
"167","Malvern Hills",0.922421142369992,0.0775788576300085,0.91801878736123,0.0819812126387703,0.917692307692308,0.0823076923076923,0.919067215363512,0.0809327846364883,0.934266585514303,0.0657334144856969,0.933752141633352,0.0662478583666476,"rental (private)"
"168","Maldon",0.8984375,0.1015625,0.893309222423146,0.106690777576854,0.899543378995434,0.100456621004566,0.893129770992366,0.106870229007634,0.893258426966292,0.106741573033708,0.901705115346038,0.0982948846539619,"rental (private)"
"169","Maidstone",0.921765295887663,0.078234704112337,0.916047223436817,0.0839527765631832,0.93216412971542,0.0678358702845798,0.940064794816415,0.0599352051835853,0.958020637898687,0.0419793621013133,0.959684123025769,0.0403158769742311,"rental (private)"
"170","Luton",0.919442875964615,0.0805571240353849,0.922652948741503,0.0773470512584972,0.930424528301887,0.0695754716981132,0.935559219565815,0.0644407804341852,0.944329896907216,0.0556701030927835,0.950229885057471,0.0497701149425287,"rental (private)"
"171","Liverpool",0.939403193438618,0.0605968065613821,0.935895067430261,0.0641049325697395,0.934008041037017,0.0659919589629835,0.939098473633161,0.0609015263668385,0.945144736186538,0.0548552638134622,0.952245127274299,0.0477548727257012,"rental (private)"
"172","Lincoln",0.962605548854041,0.037394451145959,0.970149253731343,0.0298507462686567,0.975718533201189,0.0242814667988107,0.969072164948454,0.0309278350515464,0.972163154842451,0.0278368451575488,0.974195893149191,0.0258041068508086,"rental (private)"
"173","Lichfield",0.927794263105836,0.0722057368941642,0.921135646687697,0.0788643533123028,0.941328731665229,0.0586712683347714,0.950418994413408,0.0495810055865922,0.957780458383595,0.0422195416164053,0.958686440677966,0.0413135593220339,"rental (private)"
"174","Lewisham",0.880448148654188,0.119551851345812,0.875877921082876,0.124122078917124,0.877359519912711,0.122640480087289,0.895341358081411,0.104658641918589,0.907461240310077,0.0925387596899225,0.91632216678546,0.0836778332145403,"rental (private)"
"175","Lewes",0.930939226519337,0.069060773480663,0.923774954627949,0.0762250453720508,0.933571428571429,0.0664285714285714,0.927950310559006,0.0720496894409938,0.942287513116474,0.0577124868835257,0.946612830865859,0.0533871691341409,"rental (private)"
"176","Leicester",0.932391304347826,0.0676086956521739,0.928593831677993,0.0714061683220073,0.929451186379279,0.0705488136207209,0.932887508956293,0.0671124910437067,0.932973918111613,0.067026081888387,0.936654526534859,0.0633454734651405,"rental (private)"
"177","Leeds",0.944335160925794,0.0556648390742058,0.946077852560318,0.053922147439682,0.949898698533704,0.0501013014662958,0.953000607475141,0.0469993925248585,0.953496791179859,0.0465032088201415,0.958066198349643,0.0419338016503574,"rental (private)"
"178","Lancaster",0.925813245963024,0.0741867540369764,0.935011061946903,0.0649889380530973,0.929528535980149,0.0704714640198511,0.937859608745685,0.0621403912543153,0.941098021782618,0.0589019782173816,0.943661971830986,0.0563380281690141,"rental (private)"
"179","Lambeth",0.868309348793871,0.131690651206129,0.875060439029107,0.124939560970893,0.886710411890268,0.113289588109732,0.8985913655928,0.1014086344072,0.90879294755877,0.0912070524412297,0.915565532370797,0.0844344676292026,"rental (private)"
"180","Knowsley",0.975485188968335,0.024514811031665,0.970404335139642,0.0295956648603585,0.965501379944802,0.0344986200551978,0.967726625533935,0.0322733744660655,0.973455377574371,0.0265446224256293,0.972344689378758,0.0276553106212425,"rental (private)"
"181","Kirklees",0.949016504634863,0.0509834953651368,0.952359033371692,0.0476409666283084,0.956735496558505,0.0432645034414946,0.961120229790726,0.0388797702092737,0.966723807603106,0.0332761923968942,0.969793467382404,0.0302065326175962,"rental (private)"
"182","Kingston upon Thames",0.89967845659164,0.10032154340836,0.907338129496403,0.0926618705035971,0.919001840867253,0.080998159132747,0.921541637990365,0.0784583620096352,0.929456193353474,0.0705438066465257,0.933482705503431,0.0665172944965691,"rental (private)"
"183","Kingston upon Hull, City of",0.935734956591159,0.0642650434088414,0.931548924967091,0.0684510750329092,0.936486637593649,0.0635133624063513,0.940595047923323,0.0594049520766773,0.946024321796071,0.0539756782039289,0.953296253885163,0.0467037461148372,"rental (private)"
"184","King's Lynn and West Norfolk",0.946178686759957,0.0538213132400431,0.945937196503723,0.0540628034962771,0.947339550191991,0.0526604498080088,0.950912971306616,0.0490870286933839,0.947896647448217,0.052103352551783,0.951482479784367,0.0485175202156334,"rental (private)"
"185","Kensington and Chelsea",0.875205499925273,0.124794500074727,0.878996948387953,0.121003051612047,0.909668589304917,0.0903314106950826,0.921682998911184,0.0783170010888163,0.92769550358507,0.07230449641493,0.930283742787461,0.0697162572125394,"rental (private)"
"186","Islington",0.888142385667138,0.111857614332862,0.890149742629855,0.109850257370145,0.907612781954887,0.0923872180451128,0.926929647460786,0.0730703525392142,0.934554796835914,0.0654452031640863,0.944917043740573,0.0550829562594269,"rental (private)"
"187","Isles of Scilly",0.921052631578947,0.0789473684210526,0.900584795321637,0.0994152046783626,0.878787878787879,0.121212121212121,0.771084337349398,0.228915662650602,0.782051282051282,0.217948717948718,0.820224719101124,0.179775280898876,"rental (private)"
"188","Isle of Wight",0.911376751854905,0.0886232481450948,0.912384473197782,0.0876155268022181,0.915998812704066,0.0840011872959335,0.925954997383569,0.0740450026164312,0.928221859706362,0.0717781402936378,0.930466605672461,0.0695333943275389,"rental (private)"
"189","Isle of Anglesey",0.883638928067701,0.116361071932299,0.872703412073491,0.127296587926509,0.876950780312125,0.123049219687875,0.888622179548728,0.111377820451272,0.890925756186984,0.109074243813016,0.894987035436474,0.105012964563526,"rental (private)"
"190","Ipswich",0.940900195694716,0.0590998043052838,0.939123691353238,0.0608763086467623,0.941908713692946,0.0580912863070539,0.947878787878788,0.0521212121212121,0.951603022258526,0.0483969777414744,0.955288796102992,0.0447112038970077,"rental (private)"
"191","Hyndburn",0.964266080263881,0.0357339197361187,0.958762886597938,0.0412371134020619,0.959699723429475,0.0403002765705255,0.963752665245203,0.0362473347547974,0.973092192324658,0.0269078076753419,0.973882073605065,0.0261179263949347,"rental (private)"
"192","Huntingdonshire",0.9515065913371,0.0484934086629002,0.954401268834259,0.0455987311657415,0.959965437788018,0.0400345622119816,0.96807992202729,0.0319200779727095,0.969557001889565,0.0304429981104346,0.973142857142857,0.0268571428571429,"rental (private)"
"193","Hounslow",0.913736923340765,0.0862630766592351,0.915243902439024,0.0847560975609756,0.920339817778872,0.0796601822211278,0.924255319148936,0.0757446808510638,0.929007564020778,0.0709924359792217,0.935779816513762,0.0642201834862385,"rental (private)"
"194","Horsham",0.923076923076923,0.0769230769230769,0.924183006535948,0.0758169934640523,0.9296,0.0704,0.934921310080817,0.0650786899191833,0.936129280492497,0.0638707195075029,0.939575971731449,0.0604240282685512,"rental (private)"
"195","Hinckley and Bosworth",0.918677390527256,0.0813226094727435,0.916264090177134,0.0837359098228663,0.92436974789916,0.0756302521008403,0.939566115702479,0.0604338842975207,0.94957226474561,0.0504277352543899,0.959872864521255,0.0401271354787445,"rental (private)"
"196","Hillingdon",0.944361860267573,0.0556381397324273,0.937862137862138,0.0621378621378621,0.94348778960551,0.0565122103944897,0.951081223628692,0.048918776371308,0.954975781594011,0.0450242184059886,0.958175624526874,0.0418243754731264,"rental (private)"
"197","High Peak",0.939498703543647,0.0605012964563526,0.936619718309859,0.0633802816901408,0.934868943606037,0.0651310563939635,0.941747572815534,0.058252427184466,0.944845699277741,0.0551543007222587,0.953237410071942,0.0467625899280576,"rental (private)"
"198","Hertsmere",0.937382592360676,0.0626174076393237,0.934877896055103,0.0651221039448967,0.938303341902314,0.0616966580976864,0.933899062081286,0.0661009379187137,0.93921568627451,0.0607843137254902,0.942927170868347,0.0570728291316527,"rental (private)"
"199","Herefordshire, County of",0.918166383701188,0.0818336162988115,0.921433267587114,0.0785667324128863,0.928647781934794,0.0713522180652058,0.934386657888962,0.065613342111038,0.946191739295188,0.0538082607048124,0.951116373477673,0.0488836265223275,"rental (private)"
"200","Havering",0.904803493449782,0.0951965065502183,0.90466816647919,0.0953318335208099,0.919472247497725,0.0805277525022748,0.930165881630145,0.0698341183698546,0.945100890747137,0.0548991092528631,0.949650571791614,0.0503494282083863,"rental (private)"
"201","Havant",0.909410112359551,0.0905898876404494,0.908054169636493,0.0919458303635068,0.917690417690418,0.0823095823095823,0.938062466913711,0.061937533086289,0.942196531791908,0.0578034682080925,0.950857142857143,0.0491428571428571,"rental (private)"
"202","Hastings",0.923900462962963,0.076099537037037,0.924928811804297,0.0750711881957028,0.933123028391167,0.0668769716088328,0.937511623581923,0.062488376418077,0.941034482758621,0.0589655172413793,0.946010186757216,0.0539898132427844,"rental (private)"
"203","Hartlepool",0.942848316342292,0.0571516836577078,0.950825688073395,0.0491743119266055,0.951918835465373,0.0480811645346273,0.964354527938343,0.035645472061657,0.975069252077562,0.0249307479224377,0.976313079299691,0.023686920700309,"rental (private)"
"204","Hart",0.944444444444444,0.0555555555555556,0.942350332594235,0.057649667405765,0.954372623574145,0.0456273764258555,0.960615384615385,0.0393846153846154,0.962133333333333,0.0378666666666667,0.968492486669898,0.0315075133301018,"rental (private)"
"205","Harrow",0.9057156814851,0.0942843185148999,0.911695215593621,0.0883047844063792,0.913831360946746,0.0861686390532544,0.91841341502741,0.0815865849725895,0.928442972077615,0.0715570279223852,0.934101422711006,0.0658985772889936,"rental (private)"
"206","Harrogate",0.922072623419013,0.0779273765809873,0.927667984189723,0.0723320158102767,0.942108667529107,0.0578913324708926,0.948187919463087,0.0518120805369128,0.951838671411625,0.0481613285883749,0.959214501510574,0.040785498489426,"rental (private)"
"207","Harlow",0.946547884187082,0.0534521158129176,0.947783251231527,0.0522167487684729,0.944693572496263,0.0553064275037369,0.951858622790981,0.0481413772090189,0.955280172413793,0.0447198275862069,0.957753017641597,0.042246982358403,"rental (private)"
"208","Haringey",0.866189908621375,0.133810091378625,0.865664519207826,0.134335480792174,0.868426924507252,0.131573075492748,0.882385808073753,0.117614191926247,0.895879085389485,0.104120914610515,0.905996271125278,0.0940037288747218,"rental (private)"
"209","Harborough",0.94090382387022,0.0590961761297798,0.93704092339979,0.0629590766002099,0.945171849427169,0.0548281505728314,0.955541237113402,0.0444587628865979,0.955616438356164,0.0443835616438356,0.958435207823961,0.0415647921760391,"rental (private)"
"210","Hammersmith and Fulham",0.886884629838407,0.113115370161593,0.894849023090586,0.105150976909414,0.912590413142087,0.0874095868579134,0.926507018992568,0.0734929810074319,0.93279258400927,0.06720741599073,0.939385702636586,0.060614297363414,"rental (private)"
"211","Hambleton",0.928511354079058,0.071488645920942,0.932699341623994,0.0673006583760059,0.939467312348668,0.0605326876513317,0.951256281407035,0.0487437185929648,0.95468543774747,0.0453145622525297,0.955996884735203,0.0440031152647975,"rental (private)"
"212","Halton",0.97327281896117,0.0267271810388301,0.97450110864745,0.0254988913525499,0.973074851911686,0.0269251480883145,0.966728280961183,0.033271719038817,0.949583167923779,0.0504168320762207,0.947624002774887,0.0523759972251127,"rental (private)"
"213","Hackney",0.892244664634146,0.107755335365854,0.89318010550113,0.10681989449887,0.903074227460975,0.0969257725390252,0.913789327688152,0.0862106723118476,0.924764261352237,0.075235738647763,0.933066804230075,0.0669331957699252,"rental (private)"
"214","Gwynedd",0.897223575255723,0.102776424744277,0.904411764705882,0.0955882352941176,0.913954358398803,0.0860456416011972,0.928549618320611,0.0714503816793893,0.937655860349127,0.0623441396508728,0.942864665613481,0.0571353343865192,"rental (private)"
"215","Guildford",0.91751012145749,0.0824898785425101,0.929426330994635,0.0705736690053653,0.939016801493466,0.0609831985065339,0.945416004239534,0.0545839957604663,0.946251441753172,0.0537485582468281,0.950867656282668,0.0491323437173322,"rental (private)"
"216","Greenwich",0.908746686861037,0.0912533131389625,0.900431406384814,0.0995685936151855,0.913693901035673,0.0863060989643268,0.924199681098982,0.075800318901018,0.935621846896249,0.0643781531037508,0.942626792912721,0.0573732070872785,"rental (private)"
"217","Great Yarmouth",0.89590527873705,0.10409472126295,0.895881536325775,0.104118463674225,0.910038207711011,0.0899617922889892,0.927421899652887,0.0725781003471127,0.937210648148148,0.0627893518518518,0.942307692307692,0.0576923076923077,"rental (private)"
"218","Gravesham",0.822132097334878,0.177867902665122,0.832281808622503,0.167718191377497,0.9330204778157,0.0669795221843003,0.942611190817791,0.0573888091822095,0.946188340807175,0.0538116591928251,0.949455205811138,0.050544794188862,"rental (private)"
"219","Gosport",0.814107274063189,0.185892725936811,0.835677749360614,0.164322250639386,0.880059230009872,0.119940769990128,0.905966021335441,0.0940339786645595,0.947550034506556,0.0524499654934438,0.948555096856145,0.0514449031438552,"rental (private)"
"220","Gloucester",0.941724941724942,0.0582750582750583,0.931219512195122,0.0687804878048781,0.934259954921112,0.0657400450788881,0.938286399041342,0.0617136009586579,0.946526736631684,0.0534732633683158,0.952464020933275,0.0475359790667248,"rental (private)"
"221","Gedling",0.950236966824645,0.0497630331753555,0.952562704471101,0.0474372955288986,0.952723998199009,0.0472760018009905,0.961553705905668,0.0384462940943321,0.964421416234888,0.0355785837651123,0.968645357686454,0.0313546423135464,"rental (private)"
"222","Gateshead",0.904116107542232,0.0958838924577683,0.911806142575373,0.0881938574246267,0.92770728828563,0.07229271171437,0.932856356631811,0.0671436433681893,0.9418454380977,0.0581545619023003,0.946825218757011,0.0531747812429886,"rental (private)"
"223","Fylde",0.849981294425739,0.150018705574261,0.856469580119966,0.143530419880034,0.885373443983402,0.114626556016598,0.897253787878788,0.102746212121212,0.900909090909091,0.0990909090909091,0.903979238754325,0.0960207612456747,"rental (private)"
"224","Forest of Dean",0.923250564334086,0.0767494356659142,0.924050632911392,0.0759493670886076,0.931750741839763,0.0682492581602374,0.931703204047218,0.0682967959527825,0.941425546930134,0.0585744530698659,0.947990543735225,0.0520094562647754,"rental (private)"
"225","Folkestone and Hythe",0.887462235649547,0.112537764350453,0.893718042366691,0.106281957633309,0.902232746955345,0.0977672530446549,0.908814589665654,0.0911854103343465,0.916498704290239,0.083501295709761,0.927332782824112,0.0726672171758877,"rental (private)"
"226","Flintshire",0.940957694095769,0.0590423059042306,0.935334872979215,0.0646651270207852,0.93113645965357,0.0688635403464301,0.931953840031834,0.0680461599681655,0.945906432748538,0.054093567251462,0.947870528109029,0.052129471890971,"rental (private)"
"227","Fenland",0.943722943722944,0.0562770562770563,0.948024948024948,0.051975051975052,0.947368421052632,0.0526315789473684,0.956458104646908,0.0435418953530918,0.960361613351878,0.0396383866481224,0.965299684542587,0.0347003154574132,"rental (private)"
"228","Fareham",0.951048951048951,0.048951048951049,0.948951686417502,0.0510483135824977,0.95409604519774,0.0459039548022599,0.949425287356322,0.0505747126436782,0.954997631454287,0.0450023685457129,0.958955223880597,0.041044776119403,"rental (private)"
"229","Exeter",0.935141509433962,0.0648584905660377,0.93800921006022,0.0619907899397804,0.951647183846971,0.0483528161530287,0.956159110350727,0.0438408896492729,0.957201942096745,0.0427980579032548,0.958755098957546,0.0412449010424535,"rental (private)"
"230","Erewash",0.939261114589856,0.060738885410144,0.932584269662921,0.0674157303370786,0.939663699307616,0.0603363006923838,0.943668122270742,0.0563318777292576,0.951508620689655,0.0484913793103448,0.956279069767442,0.0437209302325581,"rental (private)"
"231","Epsom and Ewell",0.908415841584158,0.0915841584158416,0.919587628865979,0.0804123711340206,0.931649331352155,0.0683506686478455,0.931568754034861,0.0684312459651388,0.93800539083558,0.0619946091644205,0.95067473243369,0.0493252675663099,"rental (private)"
"232","Epping Forest",0.923273657289003,0.0767263427109974,0.932748538011696,0.0672514619883041,0.93655303030303,0.0634469696969697,0.935135135135135,0.0648648648648649,0.943402900601344,0.0565970993986558,0.946213292117465,0.0537867078825348,"rental (private)"
"233","Enfield",0.916961826052735,0.0830381739472649,0.918913560666138,0.081086439333862,0.92380369171551,0.0761963082844895,0.930586196028995,0.0694138039710054,0.936081081081081,0.0639189189189189,0.942502185041828,0.0574978149581721,"rental (private)"
"234","Elmbridge",0.917135549872123,0.0828644501278772,0.920850293984622,0.0791497060153777,0.920821114369501,0.0791788856304985,0.928739693757362,0.0712603062426384,0.934090909090909,0.0659090909090909,0.938752276867031,0.061247723132969,"rental (private)"
"235","Eden",0.92078488372093,0.0792151162790698,0.926007326007326,0.073992673992674,0.934782608695652,0.0652173913043478,0.926114649681529,0.0738853503184713,0.93222683264177,0.0677731673582296,0.940714285714286,0.0592857142857143,"rental (private)"
"236","Eastleigh",0.946308724832215,0.0536912751677852,0.948175182481752,0.0518248175182482,0.950500263296472,0.0494997367035282,0.960962324103495,0.0390376758965048,0.959935897435897,0.0400641025641026,0.962298682284041,0.037701317715959,"rental (private)"
"237","Eastbourne",0.907879710696612,0.0921202893033879,0.913598250091141,0.0864017499088589,0.930962343096234,0.0690376569037657,0.934727822580645,0.0652721774193548,0.942400672692874,0.0575993273071263,0.954834973943254,0.0451650260567458,"rental (private)"
"238","East Suffolk",0.953098106712565,0.0469018932874355,0.948793906051629,0.0512060939483707,0.949488054607509,0.0505119453924915,0.953120196741469,0.0468798032585306,0.954242928452579,0.045757071547421,0.955230970193564,0.0447690298064363,"rental (private)"
"239","East Staffordshire",0.951279527559055,0.0487204724409449,0.954920019389239,0.045079980610761,0.954355108877722,0.0456448911222781,0.95877378435518,0.0412262156448203,0.955783402755527,0.0442165972444729,0.959880726484142,0.040119273515858,"rental (private)"
"240","East Riding of Yorkshire",0.923383651381373,0.0766163486186272,0.92214685933353,0.0778531406664701,0.925476603119584,0.0745233968804159,0.923548843794243,0.0764511562057574,0.929064373797941,0.0709356262020591,0.93576017130621,0.0642398286937901,"rental (private)"
"241","East Lindsey",0.90114881111408,0.0988511888859204,0.910341314314824,0.0896586856851758,0.918467364669191,0.0815326353308086,0.909934821252222,0.090065178747778,0.922308354866494,0.0776916451335056,0.927386232955479,0.0726137670445211,"rental (private)"
"242","East Hertfordshire",0.888888888888889,0.111111111111111,0.934134866701516,0.0658651332984841,0.943949517446177,0.0560504825538233,0.947746195808211,0.0522538041917887,0.953960396039604,0.046039603960396,0.955402706900377,0.0445972930996228,"rental (private)"
"243","East Hampshire",0.90564448188711,0.0943555181128896,0.883630721489527,0.116369278510473,0.900831024930748,0.0991689750692521,0.92157751586582,0.0784224841341795,0.928039702233251,0.0719602977667494,0.932108027006752,0.0678919729932483,"rental (private)"
"244","East Devon",0.919172932330827,0.0808270676691729,0.919747520288548,0.0802524797114518,0.921545667447307,0.0784543325526932,0.9209726443769,0.0790273556231003,0.930247106662496,0.0697528933375039,0.935946990612921,0.064053009387079,"rental (private)"
"245","East Cambridgeshire",0.941302791696492,0.0586972083035075,0.940079893475366,0.0599201065246338,0.948393891521854,0.0516061084781464,0.950413223140496,0.0495867768595041,0.956217978574755,0.0437820214252445,0.961855223233637,0.0381447767663632,"rental (private)"
"246","Ealing",0.898554676847559,0.101445323152441,0.895987981618947,0.104012018381053,0.903408655687476,0.0965913443125239,0.910893019628233,0.0891069803717665,0.9153457385711,0.0846542614288996,0.923217643172925,0.0767823568270745,"rental (private)"
"247","Dudley",0.930411094601288,0.0695889053987122,0.931795131845842,0.0682048681541582,0.93712436430883,0.0628756356911697,0.945454545454545,0.0545454545454545,0.948973368570848,0.0510266314291523,0.951849786205614,0.0481502137943856,"rental (private)"
"248","Dover",0.92479674796748,0.0752032520325203,0.92176689728579,0.0782331027142097,0.922802320392682,0.0771976796073182,0.929989173583544,0.0700108264164562,0.934605757196496,0.0653942428035044,0.941725601131542,0.0582743988684583,"rental (private)"
"249","Dorset",0.918888042650419,0.0811119573495811,0.92180052956752,0.0781994704324801,0.928188933131951,0.0718110668680489,0.933838816191757,0.0661611838082426,0.939938957924569,0.0600610420754306,0.939279690445481,0.0607203095545193,"rental (private)"
"250","Doncaster",0.956734791442572,0.043265208557428,0.954763246899662,0.0452367531003382,0.939915414904477,0.0600845850955228,0.927493713327745,0.0725062866722548,0.928169014084507,0.071830985915493,0.936905301314001,0.0630946986859991,"rental (private)"
"251","Derbyshire Dales",0.936926605504587,0.0630733944954128,0.932984293193717,0.0670157068062827,0.941840277777778,0.0581597222222222,0.953271028037383,0.0467289719626168,0.964140730717185,0.0358592692828146,0.965395894428153,0.0346041055718475,"rental (private)"
"252","Derby",0.94542926659715,0.0545707334028502,0.936413313462494,0.0635866865375062,0.940731219651528,0.0592687803484719,0.948017408123791,0.0519825918762089,0.955265410958904,0.0447345890410959,0.959654178674352,0.0403458213256484,"rental (private)"
"253","Denbighshire",0.907488986784141,0.092511013215859,0.895072075092189,0.104927924907811,0.900517188926072,0.0994828110739276,0.911929543634908,0.0880704563650921,0.920367936925099,0.0796320630749014,0.925553838227718,0.0744461617722823,"rental (private)"
"254","Dartford",0.953931691818904,0.0460683081810961,0.955491744436468,0.0445082555635319,0.960412147505423,0.039587852494577,0.967345207803223,0.0326547921967769,0.972924187725632,0.0270758122743682,0.974399494310999,0.0256005056890013,"rental (private)"
"255","Darlington",0.949106331414723,0.0508936685852772,0.947620804131317,0.0523791958686831,0.951632406287787,0.0483675937122128,0.957217261904762,0.0427827380952381,0.962152777777778,0.0378472222222222,0.96849887495982,0.03150112504018,"rental (private)"
"256","Dacorum",0.908567774936061,0.0914322250639386,0.912141549725442,0.0878584502745577,0.940940940940941,0.0590590590590591,0.952230556652191,0.0477694433478089,0.957788944723618,0.0422110552763819,0.961258374599476,0.0387416254005243,"rental (private)"
"257","Croydon",0.877891156462585,0.122108843537415,0.851059576169532,0.148940423830468,0.868397198187062,0.131602801812938,0.880752066720316,0.119247933279684,0.892735641384831,0.107264358615169,0.902558753144751,0.0974412468552494,"rental (private)"
"258","Crawley",0.953647416413374,0.0463525835866261,0.963840399002494,0.0361596009975062,0.970976253298153,0.029023746701847,0.973717676981772,0.0262823230182281,0.972160356347439,0.0278396436525612,0.972937293729373,0.0270627062706271,"rental (private)"
"259","Craven",0.930777422790202,0.0692225772097977,0.930568948891032,0.0694310511089682,0.944144144144144,0.0558558558558559,0.953367875647668,0.0466321243523316,0.956521739130435,0.0434782608695652,0.960368011323425,0.0396319886765747,"rental (private)"
"260","Coventry",0.948502745829448,0.0514972541705523,0.951118475559238,0.0488815244407622,0.963259932982288,0.0367400670177118,0.961246668033627,0.0387533319663728,0.962706931053302,0.0372930689466982,0.966233766233766,0.0337662337662338,"rental (private)"
"261","County Durham",0.965381782469924,0.0346182175300761,0.962832027517676,0.0371679724823237,0.961462450592885,0.0385375494071146,0.963028169014085,0.0369718309859155,0.966682134570766,0.0333178654292343,0.971895679252627,0.0281043207473725,"rental (private)"
"262","Cotswold",0.924949290060852,0.0750507099391481,0.927865037812682,0.0721349621873182,0.934611602753196,0.0653883972468043,0.929878048780488,0.0701219512195122,0.93138317081979,0.0686168291802095,0.933838051349572,0.0661619486504279,"rental (private)"
"263","Cornwall",0.915878463212522,0.084121536787478,0.912319729978521,0.087680270021479,0.914360828130135,0.0856391718698653,0.922672842295526,0.0773271577044736,0.925434168012924,0.0745658319870759,0.929864562907565,0.0701354370924347,"rental (private)"
"264","Copeland",0.931203931203931,0.0687960687960688,0.928191489361702,0.0718085106382979,0.907975460122699,0.0920245398773006,0.908661417322835,0.0913385826771654,0.923865300146413,0.0761346998535871,0.938911022576361,0.0610889774236388,"rental (private)"
"265","Conwy",0.889730384731899,0.110269615268101,0.892165898617511,0.107834101382488,0.896870342771982,0.103129657228018,0.911085112606025,0.0889148873939749,0.925041643531371,0.0749583564686285,0.931823899371069,0.0681761006289308,"rental (private)"
"266","Colchester",0.948215839860748,0.0517841601392515,0.949128919860627,0.0508710801393728,0.957188498402556,0.0428115015974441,0.963793982661907,0.0362060173380928,0.965900984448566,0.0340990155514339,0.966451612903226,0.0335483870967742,"rental (private)"
"267","City of London",0.763461538461538,0.236538461538462,0.734597156398104,0.265402843601896,0.828318584070797,0.171681415929204,0.840262582056893,0.159737417943107,0.853432282003711,0.146567717996289,0.859166011014949,0.140833988985051,"rental (private)"
"268","Chorley",0.957151478575739,0.0428485214242607,0.954931417374265,0.0450685826257348,0.955527318932656,0.0444726810673443,0.958147321428571,0.0418526785714286,0.964390243902439,0.035609756097561,0.971428571428571,0.0285714285714286,"rental (private)"
"269","Chichester",0.931142410015649,0.0688575899843505,0.933481152993348,0.0665188470066519,0.937326869806094,0.0626731301939058,0.940186354072738,0.0598136459272618,0.946250655479811,0.0537493445201888,0.948754448398576,0.0512455516014235,"rental (private)"
"270","Chesterfield",0.951715374841169,0.048284625158831,0.946134347275032,0.0538656527249683,0.953230769230769,0.0467692307692308,0.958735262593783,0.0412647374062165,0.959353348729792,0.0406466512702079,0.96023166023166,0.0397683397683398,"rental (private)"
"271","Cheshire West and Chester",0.950644166213028,0.0493558337869715,0.940594059405941,0.0594059405940594,0.943211488250653,0.0567885117493473,0.947810913705584,0.0521890862944162,0.955179704016913,0.0448202959830867,0.959645793801391,0.0403542061986085,"rental (private)"
"272","Cheshire East",0.93942879049262,0.0605712095073797,0.931532198371577,0.0684678016284234,0.935967909671668,0.0640320903283316,0.942963342732633,0.0570366572673673,0.947308653191006,0.0526913468089939,0.955201592832255,0.0447984071677451,"rental (private)"
"273","Cherwell",0.95049504950495,0.0495049504950495,0.947347740667976,0.0526522593320236,0.957861990950226,0.0421380090497738,0.962491475335303,0.0375085246646965,0.967229199372057,0.0327708006279435,0.968452590764893,0.0315474092351075,"rental (private)"
"274","Cheltenham",0.946380697050938,0.0536193029490617,0.934598102845731,0.0654018971542686,0.941373534338358,0.0586264656616415,0.943504295756313,0.0564957042436865,0.940047444468406,0.0599525555315937,0.942159383033419,0.057840616966581,"rental (private)"
"275","Chelmsford",0.943181818181818,0.0568181818181818,0.933863749378419,0.0661362506215813,0.941869300911854,0.0581306990881459,0.94546048334422,0.0545395166557805,0.951302378255946,0.0486976217440544,0.953782597469662,0.0462174025303382,"rental (private)"
"276","Charnwood",0.933624031007752,0.0663759689922481,0.944915254237288,0.0550847457627119,0.955332725615314,0.0446672743846855,0.959110473457676,0.0408895265423242,0.969018588846692,0.030981411153308,0.972809144440596,0.0271908555594042,"rental (private)"
"277","Ceredigion",0.910828025477707,0.089171974522293,0.921188118811881,0.0788118811881188,0.918788269416694,0.0812117305833065,0.923708920187793,0.0762910798122066,0.926679676609981,0.0733203233900195,0.928931317952798,0.0710686820472023,"rental (private)"
"278","Central Bedfordshire",0.941176470588235,0.0588235294117647,0.948111847794754,0.0518881522052465,0.957906712172924,0.0420932878270762,0.961062926739251,0.0389370732607492,0.964646464646465,0.0353535353535354,0.964527757750541,0.0354722422494593,"rental (private)"
"279","Castle Point",0.918970448045758,0.0810295519542421,0.918866080156403,0.0811339198435973,0.931660899653979,0.0683391003460208,0.939238653001464,0.0607613469985359,0.943074003795066,0.0569259962049336,0.948921679909194,0.0510783200908059,"rental (private)"
"280","Carmarthenshire",0.943274361134513,0.0567256388654872,0.943985307621671,0.0560146923783287,0.941692789968652,0.058307210031348,0.943690441813457,0.0563095581865435,0.946977730646872,0.0530222693531283,0.949543378995434,0.0504566210045662,"rental (private)"
"281","Carlisle",0.921215242018538,0.0787847579814624,0.925053533190578,0.0749464668094218,0.933698630136986,0.0663013698630137,0.912769311613242,0.0872306883867578,0.935467479674797,0.0645325203252032,0.94331983805668,0.0566801619433198,"rental (private)"
"282","Cardiff",0.930698874296435,0.0693011257035647,0.930936910500943,0.0690630894990568,0.941248670321578,0.0587513296784224,0.945476041449336,0.0545239585506642,0.954176033200761,0.0458239667992391,0.958973290987661,0.0410267090123392,"rental (private)"
"283","Canterbury",0.927986200948685,0.0720137990513152,0.94688,0.05312,0.952049689440994,0.0479503105590062,0.955202009629475,0.0447979903705254,0.958124884194923,0.0418751158050769,0.962540716612378,0.0374592833876222,"rental (private)"
"284","Cannock Chase",0.940353460972018,0.0596465390279823,0.945384615384615,0.0546153846153846,0.938628158844765,0.0613718411552347,0.938537185003073,0.0614628149969269,0.944533333333333,0.0554666666666667,0.959183673469388,0.0408163265306122,"rental (private)"
"285","Camden",0.877586773239899,0.122413226760101,0.883590753602156,0.116409246397844,0.896097480652067,0.103902519347933,0.90906539433062,0.0909346056693797,0.919611578882675,0.0803884211173253,0.928438151684777,0.0715618483152234,"rental (private)"
"286","Cambridge",0.950108459869848,0.0498915401301518,0.957636887608069,0.0423631123919308,0.95910150455605,0.04089849544395,0.968253968253968,0.0317460317460317,0.970762269404803,0.0292377305951967,0.972155328115593,0.027844671884407,"rental (private)"
"287","Calderdale",0.945657447840854,0.054342552159146,0.931359576579557,0.0686404234204433,0.934585709493459,0.0654142905065414,0.939071083735642,0.0609289162643583,0.941599281221923,0.0584007187780773,0.940573770491803,0.0594262295081967,"rental (private)"
"288","Caerphilly",0.967551622418879,0.0324483775811209,0.962159154145799,0.0378408458542014,0.96753986332574,0.0324601366742597,0.968660968660969,0.0313390313390313,0.968618446230387,0.0313815537696135,0.969105691056911,0.0308943089430894,"rental (private)"
"289","Bury",0.925021607605877,0.0749783923941227,0.924980257962622,0.0750197420373783,0.92199558985667,0.0780044101433297,0.931812151764394,0.0681878482356063,0.945336124680158,0.0546638753198418,0.952361889511609,0.0476381104883907,"rental (private)"
"290","Burnley",0.964554035831246,0.0354459641687536,0.965754899849235,0.0342451001507646,0.963903743315508,0.036096256684492,0.971528337362342,0.0284716626376578,0.97433066519459,0.0256693348054099,0.979161498387497,0.0208385016125031,"rental (private)"
"291","Buckinghamshire",0.933256836871295,0.0667431631287053,0.928597449908925,0.0714025500910747,0.930048145001416,0.069951854998584,0.934236424684497,0.0657635753155031,0.939920556107249,0.0600794438927507,0.944927536231884,0.0550724637681159,"rental (private)"
"292","Broxtowe",0.934065934065934,0.0659340659340659,0.936183395291202,0.063816604708798,0.942622950819672,0.0573770491803279,0.955948795180723,0.0440512048192771,0.960025789813024,0.0399742101869761,0.963610315186246,0.0363896848137536,"rental (private)"
"293","Broxbourne",0.907473309608541,0.0925266903914591,0.920366455250176,0.0796335447498238,0.92967409948542,0.0703259005145798,0.947419199228172,0.0525808007718283,0.951672862453532,0.0483271375464684,0.960443622920518,0.0395563770794824,"rental (private)"
"294","Bromsgrove",0.905172413793103,0.0948275862068965,0.890365448504983,0.109634551495017,0.907368421052632,0.0926315789473684,0.924362357080035,0.0756376429199648,0.925465838509317,0.0745341614906832,0.928272980501393,0.0717270194986072,"rental (private)"
"295","Bromley",0.899742268041237,0.100257731958763,0.905337891138575,0.0946621088614252,0.906820156385752,0.0931798436142485,0.910249408337885,0.0897505916621154,0.91585404215162,0.08414595784838,0.922974413646055,0.0770255863539446,"rental (private)"
"296","Broadland",0.951417004048583,0.048582995951417,0.945986496624156,0.054013503375844,0.949524940617577,0.0504750593824228,0.957010258915486,0.0429897410845139,0.961619569801771,0.0383804301982286,0.964657738095238,0.0353422619047619,"rental (private)"
"297","Bristol, City of",0.925042111173498,0.074957888826502,0.928685158803318,0.0713148411966815,0.931838622639085,0.0681613773609148,0.938145450592456,0.0618545494075443,0.944409623451135,0.0555903765488646,0.951064371130523,0.0489356288694767,"rental (private)"
"298","Brighton and Hove",0.900811907983762,0.0991880920162382,0.906752037252619,0.0932479627473807,0.920500676589986,0.0794993234100135,0.928293272458708,0.0717067275412918,0.932359497829403,0.0676405021705972,0.936543235415805,0.0634567645841953,"rental (private)"
"299","Bridgend",0.965730800990917,0.0342691990090834,0.963507109004739,0.0364928909952607,0.961501901140684,0.0384980988593156,0.961990595611285,0.0380094043887147,0.965447154471545,0.0345528455284553,0.970476468868752,0.0295235311312482,"rental (private)"
"300","Brentwood",0.91415313225058,0.08584686774942,0.924918389553863,0.0750816104461371,0.932378679395386,0.0676213206046142,0.938707528314457,0.061292471685543,0.940314704286489,0.0596852957135106,0.944288389513109,0.0557116104868914,"rental (private)"
"301","Brent",0.878090659340659,0.121909340659341,0.882468612917864,0.117531387082136,0.885656380753138,0.114343619246862,0.89852365170232,0.10147634829768,0.906422941472413,0.0935770585275868,0.915736367539717,0.0842636324602834,"rental (private)"
"302","Breckland",0.930487137383689,0.0695128626163109,0.927322907083717,0.0726770929162834,0.938993017273061,0.0610069827269386,0.945341614906832,0.0546583850931677,0.946540027137042,0.0534599728629579,0.952960840496657,0.0470391595033429,"rental (private)"
"303","Braintree",0.934135977337111,0.0658640226628895,0.928256765261171,0.0717432347388295,0.935270805812417,0.0647291941875826,0.94121915820029,0.0587808417997097,0.943129418997848,0.0568705810021519,0.942123942123942,0.0578760578760579,"rental (private)"
"304","Bradford",0.95079086115993,0.0492091388400703,0.949715261958998,0.0502847380410023,0.949684005833738,0.0503159941662615,0.946936901482356,0.053063098517644,0.945520487691952,0.0544795123080485,0.947842374468698,0.0521576255313018,"rental (private)"
"305","Bracknell Forest",0.941793893129771,0.058206106870229,0.939366515837104,0.0606334841628959,0.948264571054355,0.0517354289456451,0.960169941582581,0.039830058417419,0.963903743315508,0.036096256684492,0.967182195397963,0.032817804602037,"rental (private)"
"306","Bournemouth, Christchurch and Poole",0.892362230099903,0.107637769900097,0.888689577039275,0.111310422960725,0.901819430140748,0.0981805698592516,0.912719851131521,0.0872801488684795,0.918266836367661,0.0817331636323391,0.924259799833194,0.0757402001668057,"rental (private)"
"307","Boston",0.960240060015004,0.0397599399849963,0.957661290322581,0.0423387096774194,0.956595264937993,0.0434047350620068,0.963009143807149,0.0369908561928512,0.964064914992272,0.035935085007728,0.969042476601872,0.0309575233981281,"rental (private)"
"308","Bolton",0.95276635266021,0.0472336473397904,0.946950444726811,0.0530495552731893,0.941238195173137,0.0587618048268625,0.937871329146155,0.0621286708538448,0.93952847519902,0.0604715248009798,0.947545654707939,0.0524543452920606,"rental (private)"
"309","Bolsover",0.963114754098361,0.0368852459016393,0.960861056751468,0.0391389432485323,0.962335216572505,0.0376647834274953,0.970965940815187,0.029034059184813,0.967908902691511,0.0320910973084886,0.970776255707763,0.0292237442922374,"rental (private)"
"310","Blaenau Gwent",0.962462462462462,0.0375375375375375,0.95718901453958,0.04281098546042,0.950570342205323,0.0494296577946768,0.959356477561389,0.0406435224386113,0.963184931506849,0.0368150684931507,0.95728813559322,0.0427118644067797,"rental (private)"
"311","Blackpool",0.860649087221095,0.139350912778905,0.862947139147189,0.137052860852811,0.866095717884131,0.133904282115869,0.880088495575221,0.119911504424779,0.88245931283906,0.11754068716094,0.894555082306895,0.105444917693105,"rental (private)"
"312","Blackburn with Darwen",0.95032632342277,0.0496736765772299,0.948107863131657,0.0518921368683435,0.941816204458945,0.0581837955410549,0.949715370018975,0.0502846299810247,0.951339915373766,0.0486600846262341,0.960349462365591,0.0396505376344086,"rental (private)"
"313","Blaby",0.97450110864745,0.0254988913525499,0.961231470923603,0.0387685290763968,0.96011673151751,0.0398832684824903,0.95757071547421,0.0424292845257903,0.962016574585635,0.0379834254143646,0.966422466422466,0.0335775335775336,"rental (private)"
"314","Birmingham",0.924600236896654,0.0753997631033462,0.924432355723746,0.0755676442762536,0.933392505692124,0.0666074943078764,0.940599511305365,0.0594004886946347,0.944695435426079,0.0553045645739212,0.949958182325063,0.0500418176749373,"rental (private)"
"315","Bexley",0.884628913119944,0.115371086880056,0.884459669884771,0.115540330115229,0.899210526315789,0.100789473684211,0.910235486127302,0.0897645138726976,0.93637774329417,0.0636222567058302,0.94867325198528,0.0513267480147201,"rental (private)"
"316","Bedford",0.93560872624912,0.0643912737508797,0.936507936507937,0.0634920634920635,0.935531862137367,0.0644681378626333,0.940730106644791,0.0592698933552092,0.934549356223176,0.065450643776824,0.938290086493679,0.0617099135063207,"rental (private)"
"317","Bath and North East Somerset",0.939016172506739,0.0609838274932615,0.940622323722524,0.0593776762774764,0.946797831760691,0.0532021682393094,0.946930627183497,0.0530693728165031,0.948212446667647,0.0517875533323525,0.947879089438985,0.0521209105610151,"rental (private)"
"318","Bassetlaw",0.949547834364588,0.0504521656354117,0.948004201680672,0.0519957983193277,0.943231441048035,0.0567685589519651,0.942069516580104,0.0579304834198961,0.948623853211009,0.0513761467889908,0.948076321551454,0.0519236784485455,"rental (private)"
"319","Basingstoke and Deane",0.949707602339181,0.0502923976608187,0.955128205128205,0.0448717948717949,0.959475929311395,0.0405240706886045,0.963846532218396,0.0361534677816035,0.96773495019489,0.0322650498051104,0.970783015192832,0.0292169848071679,"rental (private)"
"320","Basildon",0.956025128498001,0.0439748715019989,0.955607476635514,0.044392523364486,0.962639495390587,0.0373605046094129,0.96988973706531,0.0301102629346904,0.973010380622837,0.0269896193771626,0.978131749460043,0.0218682505399568,"rental (private)"
"321","Barrow-in-Furness",0.944888178913738,0.055111821086262,0.936005625879044,0.0639943741209564,0.931105047748977,0.0688949522510232,0.946354883081155,0.0536451169188446,0.954043048283886,0.045956951716114,0.959093149334648,0.0409068506653524,"rental (private)"
"322","Barnsley",0.966388400702988,0.0336115992970123,0.965236686390533,0.0347633136094675,0.968553459119497,0.0314465408805031,0.970739748609108,0.0292602513908922,0.975522500470721,0.0244774995292789,0.974136571518688,0.0258634284813121,"rental (private)"
"323","Barnet",0.889602899983523,0.110397100016477,0.889336664786008,0.110663335213992,0.898975109809663,0.101024890190337,0.913223675689678,0.0867763243103225,0.922796923618857,0.0772030763811425,0.933713737201365,0.0662862627986348,"rental (private)"
"324","Barking and Dagenham",0.947758559830568,0.0522414401694317,0.950505050505051,0.0494949494949495,0.954607046070461,0.0453929539295393,0.961229086229086,0.0387709137709138,0.96301775147929,0.0369822485207101,0.965531062124249,0.0344689378757515,"rental (private)"
"325","Babergh",0.95224171539961,0.0477582846003899,0.951742627345844,0.0482573726541555,0.946441672780631,0.053558327219369,0.9454770755886,0.0545229244114002,0.945736434108527,0.0542635658914729,0.944469940339605,0.0555300596603947,"rental (private)"
"326","Ashford",0.942435424354244,0.0575645756457565,0.94775570272259,0.0522442972774099,0.951090159104302,0.0489098408956983,0.952693208430913,0.0473067915690867,0.962352941176471,0.0376470588235294,0.965174129353234,0.0348258706467662,"rental (private)"
"327","Ashfield",0.954081632653061,0.0459183673469388,0.951219512195122,0.0487804878048781,0.961101398601399,0.0388986013986014,0.962196577795464,0.0378034222045364,0.963675213675214,0.0363247863247863,0.965909090909091,0.0340909090909091,"rental (private)"
"328","Arun",0.898026315789474,0.101973684210526,0.903312788906009,0.0966872110939908,0.917038358608385,0.0829616413916146,0.921978833374354,0.0780211666256461,0.930456640134059,0.0695433598659405,0.934123847167325,0.0658761528326746,"rental (private)"
"329","Amber Valley",0.948747815958066,0.0512521840419336,0.943094250148192,0.0569057498518079,0.945261023821591,0.0547389761784085,0.953049583150505,0.0469504168494954,0.957724827056111,0.0422751729438893,0.963835434638354,0.0361645653616457,"rental (private)"
"330","Allerdale",0.910812943962115,0.0891870560378848,0.912531539108494,0.0874684608915055,0.921604375569736,0.0783956244302644,0.927909371781668,0.0720906282183316,0.929787234042553,0.0702127659574468,0.938756855575868,0.0612431444241316,"rental (private)"
"331","Adur",0.899147727272727,0.100852272727273,0.901018922852984,0.098981077147016,0.882566585956416,0.117433414043584,0.90080971659919,0.0991902834008097,0.907325684024713,0.0926743159752868,0.916317991631799,0.0836820083682008,"rental (private)"
